,,,,Fantasy,Defensive Stats,,,,,,,
Name,Team,Pos,G,Pts,SOLO,AST,TOT TCKL,SACK,FUM Forced,FUM Rec,INT,TD
Preston Brown,BUF,LB,16,144.0,84.0,60,144,0.0,0,0,0,0
Joe Schobert,CLE,LB,16,158.0,87.0,57,144,3.0,3,0,1,0
Blake Martinez,GB,LB,16,154.0,96.0,48,144,1.0,1,2,1,0
Deion Jones,ATL,LB,16,146.0,91.0,47,138,1.0,0,0,3,0
Christian Kirksey,CLE,LB,16,151.0,86.0,52,138,3.5,2,1,0,0
Demario Davis,NYJ,LB,16,147.0,97.0,38,135,5.0,0,1,0,0
Bobby Wagner,SEA,LB,16,148.0,97.0,36,133,1.5,0,1,2,1
C.J. Mosley,BAL,LB,16,156.0,96.0,36,132,1.0,3,3,2,1
Zach Brown,WAS,LB,13,132.0,84.0,43,127,2.5,0,0,0,0
NaVorro Bowman,SF/OAK,LB,15,134.0,80.0,47,127,1.5,0,1,1,0
Luke Kuechly,CAR,LB,15,146.0,74.0,51,125,1.5,1,2,3,1
Wesley Woodyard,TEN,LB,16,144.0,84.0,40,124,5.0,0,2,0,1
Reshad Jones,MIA,S,16,147.0,94.0,28,122,1.5,0,3,2,2
Keanu Neal,ATL,S,16,128.0,83.0,33,116,0.0,3,2,1,0
Kiko Alonso,MIA,LB,16,121.0,79.0,36,115,1.0,2,0,0,0
Eric Kendricks,MIN,LB,16,123.0,67.0,46,113,1.0,0,0,1,1
Tahir Whitehead,DET,LB,16,122.0,78.0,32,110,1.0,0,4,1,0
Antonio Morrison,IND,LB,15,109.0,64.0,45,109,0.0,0,0,0,0
K.J. Wright,SEA,LB,15,112.0,71.0,37,108,0.0,0,1,1,0
Brandon Marshall,DEN,LB,16,122.0,75.0,31,106,3.0,1,1,0,1
Landon Collins,NYG,S,15,114.0,78.0,26,104,0.0,1,2,2,0
Telvin Smith,JAX,LB,14,128.0,76.0,26,102,1.0,1,2,3,2
Lavonte David,TB,LB,13,127.0,76.0,25,101,0.0,5,5,0,1
Sean Lee,DAL,LB,11,103.0,70.0,31,101,0.0,0,0,1,0
Matthias Farley,IND,S,16,106.0,60.0,38,98,0.0,1,1,2,0
Devin McCourty,NE,S,16,103.0,80.0,17,97,1.0,0,1,1,0
Jon Bostic,IND,LB,14,101.0,57.0,40,97,1.0,0,1,0,0
Kwon Alexander,TB,LB,12,105.0,70.0,27,97,0.0,1,0,3,0
Jahleel Addae,LAC,S,16,97.0,66.0,30,96,0.5,0,0,0,0
Jarrad Davis,DET,LB,14,106.0,65.0,31,96,2.0,1,1,1,0
Alec Ogletree,LAR,LB,15,111.0,63.0,32,95,2.0,1,1,1,1
Benardrick McKinney,HOU,LB,16,103.0,62.0,33,95,3.0,1,0,0,0
Karlos Dansby,ARI,LB,16,101.0,74.0,21,95,1.0,0,1,1,0
Jordan Poyer,BUF,S,15,117.0,63.0,32,95,2.0,0,1,5,1
Darron Lee,NYJ,LB,15,104.0,67.0,27,94,3.0,2,0,0,0
Sean Davis,PIT,S,16,102.0,71.0,21,92,1.0,1,0,3,0
De'Vondre Campbell,ATL,LB,16,98.0,61.0,31,92,2.0,1,0,0,0
Avery Williamson,TEN,LB,16,102.0,52.0,40,92,3.0,2,0,0,0
Christian Jones,CHI,LB,16,98.0,60.0,30,90,2.0,1,1,0,0
Myles Jack,JAX,LB,16,102.0,66.0,24,90,2.0,0,1,0,1
Patrick Onwuasor,BAL,LB,16,96.0,67.0,23,90,1.0,1,1,0,0
Zach Cunningham,HOU,LB,16,95.0,48.0,42,90,1.5,1,0,0,0
Ryan Shazier,PIT,LB,12,101.0,68.0,21,89,0.0,2,1,3,0
Daniel Sorensen,KC,S,15,94.0,67.0,22,89,1.5,0,0,1,0
Vince Williams,PIT,LB,16,107.0,69.0,20,89,8.0,0,0,1,0
Danny Trevathan,CHI,LB,12,99.0,60.0,29,89,2.0,1,1,1,0
Reggie Nelson,OAK,S,16,95.0,60.0,29,89,0.0,2,0,1,0
Ramon Humber,BUF,LB,13,93.0,60.0,29,89,1.0,1,0,0,0
Earl Thomas,SEA,S,14,100.0,56.0,32,88,0.0,1,0,2,1
Nigel Bradham,PHI,LB,15,100.0,61.0,27,88,1.0,1,1,0,1
Kevin Byard,TEN,S,16,107.0,62.0,25,87,0.0,0,2,8,0
Mark Barron,LAR,LB,14,94.0,73.0,13,86,1.0,0,0,3,0
Vincent Rey,CIN,LB,14,87.0,52.0,33,85,0.0,0,0,1,0
Darqueze Dennard,CIN,CB,16,99.0,61.0,24,85,2.0,0,0,2,1
James Bradberry,CAR,CB,16,93.0,66.0,19,85,1.0,1,0,2,0
TJ Carrie,OAK,CB,16,88.0,70.0,14,84,0.0,0,2,0,0
Anthony Hitchens,DAL,LB,12,86.0,55.0,29,84,0.0,1,0,0,0
Lawrence Timmons,MIA,LB,14,84.0,58.0,26,84,0.0,0,0,0,0
Patrick Chung,NE,S,16,90.0,71.0,13,84,0.0,0,2,1,0
Glover Quin,DET,S,16,106.0,60.0,24,84,0.0,4,1,3,1
Jamal Adams,NYJ,S,16,93.0,63.0,20,83,2.0,1,2,0,0
Vonn Bell,NO,S,16,96.0,62.0,21,83,4.5,2,0,0,0
Deone Bucannon,ARI,LB,12,90.0,58.0,24,82,1.0,2,0,1,0
Micah Hyde,BUF,S,16,92.0,65.0,17,82,0.0,0,0,5,0
Todd Davis,DEN,LB,14,84.0,48.0,34,82,1.0,0,0,0,0
Byron Jones,DAL,CB,16,92.0,57.0,25,82,0.0,1,0,1,1
Jaylon Smith,DAL,LB,16,87.0,50.0,31,81,1.0,2,0,0,0
Jake Ryan,GB,LB,15,87.0,52.0,29,81,1.0,1,1,0,0
Andrew Sendejo,MIN,S,13,84.0,54.0,26,80,0.0,0,0,2,0
George Iloka,CIN,S,16,82.0,54.0,26,80,0.0,0,0,1,0
Craig Robertson,NO,LB,16,94.0,53.0,27,80,2.0,1,2,2,0
D.J. Swearinger,WAS,S,16,90.0,61.0,18,79,0.5,1,0,4,0
Tony Jefferson,BAL,S,16,88.0,56.0,23,79,2.5,1,0,1,0
Ha Ha Clinton-Dix,GB,S,16,85.0,65.0,14,79,0.0,0,0,3,0
Tre Boston,LAC,S,16,89.0,56.0,23,79,0.0,0,0,5,0
Nick Vigil,CIN,LB,11,83.0,45.0,34,79,1.0,0,0,1,0
Jatavis Brown,LAC,LB,16,81.0,54.0,25,79,0.0,0,1,0,0
Karl Joseph,OAK,S,15,87.0,58.0,21,79,1.0,1,1,1,0
Marcus Maye,NYJ,S,16,85.0,57.0,22,79,0.0,1,0,2,0
Khalil Mack,OAK,LB,16,103.0,61.0,17,78,10.5,1,1,0,0
Tyrann Mathieu,ARI,S,16,86.0,70.0,8,78,1.0,1,0,2,0
Harrison Smith,MIN,S,16,91.0,61.0,17,78,1.5,0,0,5,0
Mychal Kendricks,PHI,LB,15,81.0,55.0,22,77,2.0,0,0,0,0
Chris Conte,TB,S,16,85.0,62.0,15,77,0.0,3,0,1,0
Dontae Johnson,SF,CB,16,85.0,69.0,8,77,0.0,0,0,1,1
Damon Harrison,NYG,DT,16,81.0,51.0,25,76,1.5,0,0,1,0
Kurt Coleman,CAR,S,12,78.0,51.0,25,76,0.0,0,1,0,0
Malcolm Jenkins,PHI,S,16,86.0,63.0,13,76,1.0,1,1,2,0
Thomas Davis,CAR,LB,15,83.0,52.0,24,76,2.5,0,1,0,0
Desmond King,LAC,CB,16,92.0,66.0,10,76,4.0,0,0,1,1
John Johnson,LAR,S,16,77.0,56.0,19,75,0.0,0,0,1,0
James Burgess,CLE,LB,14,85.0,49.0,26,75,4.0,1,0,0,0
Darian Thompson,NYG,S,16,77.0,61.0,14,75,0.0,0,0,1,0
Anthony Barr,MIN,LB,16,77.0,52.0,23,75,1.0,0,0,0,0
Bradley McDougald,SEA,S,16,75.0,51.0,24,75,0.0,0,0,0,0
Martrell Spaight,WAS,LB,15,77.0,45.0,30,75,0.0,0,1,0,0
Hayes Pullard,LAC,LB,13,78.0,49.0,25,74,0.0,0,1,1,0
Lorenzo Alexander,BUF,LB,16,86.0,59.0,15,74,3.0,3,0,0,0
Barry Church,JAX,S,16,91.0,58.0,16,74,1.5,0,0,4,1
Budda Baker,ARI,S,16,82.0,58.0,16,74,1.0,2,1,0,0
Kendell Beckwith,TB,LB,16,77.0,60.0,13,73,1.0,1,0,0,0
Eddie Jackson,CHI,S,16,97.0,55.0,18,73,0.0,1,3,2,2
Marcus Williams,NO,S,15,81.0,59.0,14,73,0.0,0,0,4,0
Kareem Jackson,HOU,S,16,79.0,54.0,19,73,1.0,1,0,1,0
Kyle Van Noy,NE,LB,13,84.0,58.0,15,73,5.5,0,0,0,0
Reuben Foster,SF,LB,10,72.0,59.0,13,72,0.0,0,0,0,0
Josh Jones,GB,S,16,77.0,60.0,11,71,2.0,0,0,1,0
Jeff Heath,DAL,S,15,81.0,63.0,8,71,0.0,2,0,3,0
Andre Hal,HOU,S,16,81.0,47.0,24,71,0.0,2,0,3,0
Derrick Johnson,KC,LB,15,75.0,48.0,23,71,0.0,1,1,0,0
Adoree' Jackson,TEN,CB,16,76.0,61.0,9,70,0.0,3,0,0,0
Joey Bosa,LAC,DE,16,105.0,54.0,16,70,12.5,4,1,0,0
Justin Simmons,DEN,S,13,81.0,50.0,19,69,1.0,0,0,2,1
Tre'Davious White,BUF,CB,16,89.0,53.0,16,69,0.0,1,2,4,1
Mike Adams,CAR,S,16,81.0,48.0,21,69,0.0,2,2,2,0
Tyvon Branch,ARI,S,9,71.0,54.0,15,69,0.0,1,0,0,0
Vontaze Burfict,CIN,LB,10,74.0,48.0,21,69,1.5,1,0,0,0
Adrian Amos,CHI,S,13,83.0,62.0,7,69,0.0,2,1,1,1
Kyle Fuller,CHI,CB,16,73.0,61.0,8,69,0.0,0,0,2,0
Robert Alford,ATL,CB,16,70.0,60.0,8,68,0.0,0,0,1,0
Morgan Burnett,GB,S,12,70.0,48.0,20,68,0.0,1,0,0,0
Jason Pierre-Paul,NYG,LB,16,89.0,48.0,20,68,8.5,2,0,0,0
Linval Joseph,MIN,DT,16,77.0,40.0,28,68,3.5,0,1,0,0
Calais Campbell,JAX,DE,16,110.0,47.0,20,67,14.5,3,1,0,1
Ron Parker,KC,S,15,75.0,58.0,9,67,0.0,0,2,2,0
Eric Reid,SF,S,13,73.0,53.0,14,67,0.0,0,1,2,0
Elandon Roberts,NE,LB,15,73.0,45.0,22,67,2.0,0,1,0,0
Trae Waynes,MIN,CB,16,71.0,57.0,8,65,1.0,0,0,2,0
Trumaine Johnson,LAR,CB,16,79.0,57.0,8,65,0.0,1,1,2,1
Jason McCourty,CLE,CB,14,81.0,54.0,11,65,0.0,2,0,3,1
Josh Norman,WAS,CB,14,70.0,47.0,17,64,0.0,2,1,0,0
Tashaun Gipson,JAX,S,16,74.0,53.0,11,64,0.0,0,1,4,0
Brock Coyle,SF,LB,16,67.0,38.0,26,64,0.5,1,0,0,0
Ray-Ray Armstrong,NYG/SF,LB,15,74.0,44.0,20,64,1.0,2,0,2,0
Jalen Mills,PHI,S,15,76.0,51.0,13,64,0.0,0,0,3,1
Daryl Worley,CAR,CB,15,70.0,50.0,14,64,1.0,0,0,2,0
Mike Hilton,PIT,CB,16,78.0,48.0,16,64,4.0,1,0,2,0
Jalen Ramsey,JAX,CB,16,71.0,52.0,11,63,0.0,0,0,4,0
Brian Poole,ATL,CB,15,65.0,49.0,14,63,1.0,0,0,0,0
Adrian Phillips,LAC,S,15,69.0,50.0,13,63,0.0,1,0,2,0
Buster Skrine,NYJ,CB,15,75.0,56.0,7,63,1.0,2,2,1,0
Darian Stewart,DEN,S,16,69.0,52.0,11,63,0.0,0,0,3,0
Eric Weddle,BAL,S,16,89.0,49.0,14,63,1.0,2,1,6,1
Cameron Jordan,NO,DE,16,100.0,48.0,14,62,13.0,2,0,1,1
Jamar Taylor,CLE,CB,16,65.0,48.0,14,62,0.5,1,0,0,0
Logan Ryan,TEN,S,15,64.0,50.0,12,62,0.0,1,0,0,0
Trey Flowers,NE,DE,14,79.0,45.0,17,62,6.5,2,0,0,0
Deshazor Everett,WAS,S,14,64.0,41.0,21,62,0.0,1,0,0,0
Manti Te'o,NO,LB,16,64.0,42.0,20,62,0.0,0,1,0,0
Shaq Thompson,CAR,LB,14,67.0,41.0,20,61,2.0,1,0,0,0
Paul Posluszny,JAX,LB,16,64.0,43.0,18,61,1.5,0,0,0,0
Matt Judon,BAL,LB,16,83.0,51.0,10,61,8.0,2,1,0,0
DeForest Buckner,SF,DT,16,69.0,45.0,16,61,3.0,1,0,0,0
Calvin Munson,NYG,LB,14,66.0,36.0,24,60,2.0,1,0,0,0
Nicholas Morrow,OAK,LB,16,60.0,40.0,20,60,0.0,0,0,0,0
Darius Slay,DET,CB,16,78.0,54.0,6,60,0.0,0,1,8,0
Jurrell Casey,TEN,DE,16,74.0,41.0,19,60,6.0,1,0,0,0
Malcolm Butler,NE,CB,16,72.0,55.0,5,60,1.0,3,0,2,0
Kenny Vaccaro,NO,S,12,77.0,48.0,12,60,1.5,0,1,3,1
Jadeveon Clowney,HOU,DE,16,92.0,41.0,18,59,9.5,2,2,0,1
E.J. Gaines,BUF,CB,11,67.0,48.0,11,59,0.0,3,0,1,0
Zach Vigil,WAS,LB,7,61.0,41.0,18,59,0.0,0,1,0,0
Justin Houston,KC,DE,15,86.0,46.0,13,59,9.5,0,1,0,1
Chandler Jones,ARI,LB,16,97.0,52.0,7,59,17.0,2,0,0,0
Shaquill Griffin,SEA,CB,15,63.0,50.0,9,59,1.0,0,0,1,0
Jabrill Peppers,CLE,S,13,60.0,45.0,13,58,0.0,0,0,1,0
Lawrence Guy,NE,DT,16,60.0,34.0,24,58,1.0,0,0,0,0
Bruce Irvin,OAK,LB,16,82.0,38.0,20,58,8.0,4,0,0,0
DeMarcus Lawrence,DAL,DE,16,99.0,35.0,23,58,14.5,4,2,0,0
Johnathan Cyprien,TEN,S,10,59.0,38.0,19,57,1.0,0,0,0,0
Von Miller,DEN,LB,16,83.0,51.0,6,57,10.0,2,1,0,0
Antoine Bethea,ARI,S,15,71.0,47.0,10,57,1.0,1,0,5,0
Derrick Kindred,CLE,S,14,59.0,43.0,14,57,0.0,0,0,1,0
Clayton Fejedelem,CIN,S,16,59.0,34.0,23,57,0.0,0,0,1,0
Cory James,OAK,LB,10,58.0,42.0,14,56,0.0,1,0,0,0
Anthony Brown,DAL,CB,16,64.0,47.0,9,56,1.0,1,0,2,0
Trevor Williams,LAC,CB,16,60.0,48.0,8,56,0.0,0,0,2,0
Brandon Carr,BAL,CB,16,64.0,50.0,6,56,0.0,0,0,4,0
Marcus Gilchrist,HOU,S,16,62.0,45.0,11,56,1.0,1,0,1,0
Melvin Ingram,LAC,DE,16,89.0,43.0,13,56,10.5,1,2,0,1
Xavier Rhodes,MIN,CB,16,60.0,44.0,12,56,0.0,0,0,2,0
A.J. Bouye,JAX,CB,16,68.0,53.0,3,56,0.0,0,0,6,0
Quandre Diggs,DET,S,16,65.0,45.0,10,55,1.0,1,0,3,0
Jaquiski Tartt,SF,S,9,58.0,38.0,17,55,0.5,0,0,1,0
Grady Jarrett,ATL,DT,16,63.0,34.0,21,55,4.0,0,0,0,0
Tavon Wilson,DET,S,10,63.0,42.0,13,55,2.0,1,0,1,0
Dre Kirkpatrick,CIN,CB,14,61.0,47.0,8,55,1.0,1,0,1,0
Michael Brockers,LAR,DE,16,64.0,39.0,16,55,4.5,0,0,0,0
Kenny Clark,GB,DT,15,68.0,32.0,23,55,4.5,2,0,0,0
Kendall Fuller,WAS,CB,16,65.0,43.0,12,55,0.0,1,0,4,0
Ken Crawley,NO,CB,13,56.0,47.0,7,54,0.0,0,0,1,0
Artie Burns,PIT,CB,16,60.0,47.0,7,54,0.0,0,2,1,0
Jourdan Lewis,DAL,CB,15,56.0,48.0,6,54,0.0,0,0,1,0
T.J. Watt,PIT,LB,15,72.0,40.0,14,54,7.0,1,0,1,0
Akiem Hicks,CHI,DE,16,75.0,39.0,15,54,8.5,0,2,0,0
Rodney McLeod,PHI,S,14,64.0,39.0,15,54,0.0,1,1,3,0
K'Waun Williams,SF,CB,14,64.0,42.0,12,54,1.0,2,1,1,0
A.J. Klein,NO,LB,12,60.0,37.0,17,54,2.0,1,0,0,0
Ricardo Allen,ATL,S,15,56.0,38.0,16,54,0.0,0,0,1,0
Terrance Mitchell,KC,CB,15,61.0,48.0,5,53,0.0,0,0,4,0
Leonard Johnson,BUF,CB,15,57.0,41.0,12,53,0.0,1,1,0,0
Mike Mitchell,PIT,S,13,55.0,35.0,18,53,0.0,0,1,0,0
B.J. Goodson,NYG,LB,7,55.0,37.0,16,53,0.0,1,0,0,0
A'Shawn Robinson,DET,DT,16,64.0,32.0,21,53,0.5,1,0,1,1
Jayon Brown,TEN,LB,16,57.0,38.0,14,52,1.5,0,1,0,0
Marshon Lattimore,NO,CB,13,70.0,43.0,9,52,0.0,1,0,5,1
Jabaal Sheard,IND,DE,16,67.0,37.0,15,52,5.5,2,0,0,0
Bennie Logan,KC,DT,15,55.0,35.0,17,52,1.5,0,0,0,0
Will Parks,DEN,S,16,53.0,36.0,15,51,0.0,0,0,1,0
Dalvin Tomlinson,NYG,DT,16,52.0,30.0,20,50,1.0,0,0,0,0
Bashaud Breeland,WAS,CB,15,58.0,37.0,13,50,0.0,0,0,1,1
Ross Cockrell,NYG,CB,16,56.0,37.0,13,50,0.0,0,0,3,0
Stephon Gilmore,NE,CB,13,54.0,47.0,3,50,0.0,0,0,2,0
Robert McClain,TB,CB,14,62.0,41.0,9,50,0.0,0,0,3,1
Kam Chancellor,SEA,S,9,51.0,34.0,15,49,0.0,1,0,0,0
Michael Johnson,CIN,DE,15,59.0,35.0,14,49,5.0,0,0,0,0
Brent Grimes,TB,CB,13,57.0,44.0,5,49,0.0,0,1,3,0
Terrell Suggs,BAL,DE,16,79.0,37.0,12,49,11.0,4,0,0,0
Mike Daniels,GB,DT,14,61.0,34.0,15,49,5.0,1,0,0,0
Nickell Robey-Coleman,LAR,CB,15,57.0,39.0,10,49,0.0,1,1,2,0
Kawann Short,CAR,DT,16,70.0,27.0,22,49,7.5,2,1,0,0
Kelvin Sheppard,NYG,LB,7,53.0,32.0,17,49,0.0,0,0,2,0
Lamarcus Joyner,LAR,S,12,63.0,39.0,10,49,0.0,1,0,3,1
Shawn Williams,CIN,S,11,55.0,34.0,15,49,0.0,0,2,1,0
Malcom Brown,NE,DT,13,54.0,29.0,20,49,2.5,0,0,0,0
Matt Milano,BUF,LB,16,61.0,32.0,17,49,0.0,1,1,1,1
Michael Pierce,BAL,DT,16,55.0,32.0,17,49,1.0,0,2,0,0
Nick Kwiatkoski,CHI,LB,11,55.0,37.0,12,49,2.0,1,0,0,0
Jordan Jenkins,NYJ,LB,16,61.0,32.0,17,49,3.0,1,2,0,0
Eli Apple,NYG,CB,11,53.0,41.0,8,49,0.0,0,2,0,0
Xavien Howard,MIA,CB,16,64.0,42.0,6,48,1.0,0,0,4,1
Bobby McCain,MIA,S,16,54.0,36.0,12,48,1.0,0,0,2,0
Justin Ellis,OAK,DE,16,49.0,27.0,21,48,0.5,0,0,0,0
Prince Amukamara,CHI,CB,14,50.0,45.0,3,48,0.0,0,1,0,0
Korey Toomer,LAC,LB,15,62.0,30.0,18,48,1.0,2,0,1,1
Dominique Rodgers-Cromartie,NYG,CB,15,49.0,31.0,17,48,0.5,0,0,0,0
Ndamukong Suh,MIA,DE,16,61.0,29.0,19,48,4.5,2,0,0,0
Brandon Graham,PHI,DE,15,78.0,33.0,14,47,9.5,2,1,0,1
Patrick Robinson,PHI,CB,16,57.0,39.0,8,47,1.0,0,0,4,0
Gerald McCoy,TB,DT,15,59.0,33.0,14,47,6.0,0,0,0,0
Johnathan Joseph,HOU,CB,16,57.0,37.0,10,47,0.0,0,0,2,1
Nevin Lawson,DET,CB,15,57.0,40.0,7,47,0.0,1,1,0,1
Barkevious Mingo,IND,LB,16,63.0,35.0,12,47,2.0,3,3,0,0
P.J. Williams,NO,CB,16,51.0,34.0,13,47,0.0,0,0,2,0
Damarious Randall,GB,S,14,63.0,38.0,9,47,0.0,0,1,4,1
Leonard Williams,NYJ,DE,16,53.0,22.0,25,47,2.0,0,0,1,0
D.J. Reader,HOU,DT,14,49.0,23.0,24,47,1.0,0,0,0,0
Marcus Peters,KC,CB,14,74.0,42.0,4,46,0.0,4,2,5,1
Carlos Dunlap,CIN,DE,16,71.0,35.0,11,46,7.5,1,0,1,1
Geno Atkins,CIN,DT,16,64.0,29.0,17,46,9.0,0,0,0,0
Steve McLendon,NYJ,DT,16,49.0,30.0,16,46,1.5,0,0,0,0
Muhammad Wilkerson,NYJ,DE,13,55.0,26.0,20,46,3.5,0,0,1,0
Ryan Kerrigan,WAS,DE,16,86.0,34.0,12,46,13.0,3,0,1,1
Byron Maxwell,MIA/SEA,CB,9,52.0,39.0,7,46,0.0,2,0,1,0
Cameron Heyward,PIT,DE,15,75.0,30.0,15,45,12.0,2,1,0,0
Sam Acho,CHI,LB,16,53.0,29.0,16,45,3.0,1,0,0,0
Everson Griffen,MIN,DE,15,77.0,31.0,14,45,13.0,3,0,0,0
Kevin Johnson,HOU,CB,12,45.0,35.0,10,45,0.0,0,0,0,0
Danielle Hunter,MIN,DE,16,63.0,27.0,18,45,7.0,1,1,0,0
T.J. McDonald,MIA,S,8,47.0,31.0,14,45,0.0,0,0,1,0
Aaron Colvin,JAX,CB,16,47.0,38.0,7,45,0.0,0,1,0,0
Jarran Reed,SEA,DT,15,50.0,23.0,22,45,1.5,1,0,0,0
T.J. Green,IND,S,16,45.0,31.0,14,45,0.0,0,0,0,0
Jonathan Jones,NE,CB,16,48.0,39.0,5,44,1.0,0,0,1,0
Reggie Ragland,KC,LB,12,44.0,31.0,13,44,0.0,0,0,0,0
D.J. Hayden,DET,CB,16,55.0,36.0,8,44,0.5,0,2,0,1
Stacy McGee,WAS,DT,16,44.0,24.0,20,44,0.0,0,0,0,0
Eddie Goldman,CHI,DT,15,49.0,27.0,17,44,1.5,0,1,0,0
Jerry Hughes,BUF,DE,16,54.0,28.0,16,44,4.0,1,0,0,0
Al Woods,IND,DT,16,46.0,20.0,24,44,1.0,0,0,0,0
Brian Orakpo,TEN,LB,16,64.0,30.0,14,44,7.0,3,0,0,0
Shareece Wright,BUF,CB,12,48.0,37.0,7,44,0.0,1,0,1,0
Davon House,GB,CB,12,48.0,37.0,7,44,1.0,0,0,1,0
Mario Addison,CAR,DE,16,70.0,27.0,17,44,11.0,2,0,0,0
Johnathan Hankins,IND,DT,15,48.0,24.0,20,44,2.0,0,0,0,0
Sheldon Richardson,SEA,DT,15,54.0,27.0,17,44,1.0,1,2,1,0
Ezekiel Ansah,DET,DE,14,72.0,39.0,5,44,12.0,1,1,0,0
Alex Okafor,NO,DE,10,56.0,27.0,16,43,4.5,2,0,0,0
Morris Claiborne,NYJ,CB,15,45.0,34.0,9,43,0.0,0,0,1,0
Clay Matthews,GB,LB,14,62.0,27.0,16,43,7.5,1,1,0,0
Frank Zombo,KC,LB,16,48.0,26.0,17,43,1.5,0,1,0,0
T.J. Ward,TB,S,12,45.0,31.0,12,43,0.0,0,1,0,0
Dexter McDonald,OAK,CB,15,45.0,36.0,7,43,0.0,1,0,0,0
Justin Coleman,SEA,CB,16,62.0,32.0,11,43,1.5,0,0,2,2
Josh Martin,NYJ,LB,14,46.0,28.0,15,43,1.5,0,0,0,0
John Simon,IND,LB,9,57.0,28.0,15,43,3.0,0,0,1,1
Anthony Zettel,DET,DE,16,60.0,31.0,12,43,6.5,1,1,0,0
Vernon Hargreaves,TB,CB,9,42.0,37.0,5,42,0.0,0,0,0,0
Xavier Woods,DAL,S,16,46.0,33.0,9,42,0.0,0,1,1,0
Bradley Roby,DEN,CB,16,50.0,35.0,7,42,1.0,1,1,1,0
Preston Smith,WAS,LB,16,66.0,31.0,11,42,8.0,1,1,2,0
Vinny Curry,PHI,DE,16,50.0,25.0,17,42,3.0,1,0,0,0
Brooks Reed,ATL,LB,16,49.0,23.0,18,41,4.0,0,0,0,0
Desmond Trufant,ATL,CB,15,57.0,36.0,5,41,1.0,0,2,2,1
Justin Bethel,ARI,S,16,49.0,29.0,12,41,0.0,0,0,1,1
Tramon Williams,ARI,CB,13,47.0,39.0,2,41,0.0,0,1,2,0
Kyle Williams,BUF,DT,16,49.0,21.0,20,41,3.0,0,1,0,0
Kevin Pierre-Louis,KC,LB,14,41.0,31.0,10,41,0.0,0,0,0,0
Steven Nelson,KC,CB,9,43.0,33.0,8,41,0.0,1,0,0,0
Devon Kennard,NYG,LB,15,51.0,24.0,17,41,4.0,0,1,0,0
Aaron Donald,LAR,DE,14,75.0,32.0,9,41,11.0,5,1,0,0
Solomon Thomas,SF,DT,14,49.0,34.0,7,41,3.0,0,1,0,0
Adam Gotsis,DEN,DE,16,47.0,28.0,13,41,2.0,0,1,0,0
Trevon Coley,CLE,DT,15,47.0,24.0,17,41,2.0,0,1,0,0
Davon Godchaux,MIA,DT,15,42.0,26.0,14,40,0.0,1,0,0,0
Chase Allen,MIA,LB,16,42.0,29.0,11,40,0.0,1,0,0,0
Darryl Roberts,NYJ,CB,15,42.0,37.0,3,40,0.0,0,0,1,0
Bud Dupree,PIT,LB,15,54.0,31.0,9,40,6.0,0,1,0,0
Michael Bennett,SEA,DE,16,57.0,25.0,15,40,8.5,0,0,0,0
Malik Jackson,JAX,DT,16,64.0,31.0,9,40,8.0,4,0,0,0
Casey Hayward,LAC,CB,16,54.0,33.0,7,40,0.0,1,2,4,0
Chris Harris,DEN,CB,16,46.0,32.0,8,40,0.0,1,0,2,0
Dontari Poe,ATL,DT,16,44.0,23.0,16,39,2.5,0,0,0,0
Tyson Alualu,PIT,DE,16,47.0,25.0,14,39,4.0,0,0,0,0
Lardarius Webb,BAL,CB,16,49.0,37.0,2,39,2.0,1,0,2,0
Akeem Spence,DET,DT,16,47.0,19.0,20,39,3.0,1,0,0,0
Briean Boddy-Calhoun,CLE,CB,13,39.0,29.0,10,39,0.0,0,0,0,0
David Onyemata,NO,DT,16,42.0,18.0,20,38,2.0,0,0,0,0
Miles Killebrew,DET,S,16,48.0,32.0,6,38,0.0,1,0,1,1
Josh Hawkins,GB,CB,15,40.0,28.0,10,38,0.0,1,0,0,0
Jordan Evans,CIN,LB,15,38.0,27.0,11,38,0.0,0,0,0,0
Kayvon Webster,LAR,CB,11,40.0,34.0,4,38,0.0,0,0,1,0
Corey Graham,PHI,S,14,42.0,34.0,4,38,0.0,0,0,2,0
Domata Peko,DEN,DT,14,42.0,24.0,14,38,1.0,0,1,0,0
Orlando Scandrick,DAL,CB,11,38.0,32.0,6,38,0.0,0,0,0,0
Nick Perry,GB,LB,12,56.0,23.0,15,38,7.0,1,1,0,0
Allen Bailey,KC,DE,14,42.0,21.0,17,38,2.0,0,0,0,0
Olivier Vernon,NYG,DE,12,56.0,23.0,14,37,6.5,2,0,1,0
Denzel Perryman,LAC,LB,7,39.0,25.0,12,37,0.0,0,1,0,0
Shaquil Barrett,DEN,LB,16,51.0,31.0,6,37,4.0,2,1,0,0
Ben Gedeon,MIN,LB,16,37.0,23.0,14,37,0.0,0,0,0,0
Adrian Colbert,SF,S,14,43.0,34.0,3,37,0.0,2,1,0,0
Haason Reddick,ARI,LB,16,45.0,23.0,13,36,2.5,2,0,0,0
Cory Littleton,LAR,LB,16,42.0,22.0,14,36,1.0,1,0,1,0
Eric Murray,KC,S,14,38.0,31.0,5,36,1.0,0,0,0,0
LeShaun Sims,TEN,CB,13,40.0,31.0,5,36,0.0,1,0,1,0
Denico Autry,OAK,DT,16,46.0,23.0,13,36,5.0,0,0,0,0
Josh Shaw,CIN,S,16,36.0,30.0,6,36,0.0,0,0,0,0
Rashaan Melvin,IND,CB,10,42.0,30.0,6,36,0.0,0,0,3,0
Josh Bynes,ARI,LB,14,44.0,31.0,5,36,1.0,2,0,1,0
William Gholston,TB,DE,14,36.0,21.0,15,36,0.0,0,0,0,0
Erik Walden,TEN,LB,16,46.0,25.0,11,36,4.0,0,1,0,0
Cameron Wake,MIA,LB,16,57.0,26.0,10,36,10.5,0,0,0,0
Jonathan Casillas,NYG,LB,8,35.0,25.0,10,35,0.0,0,0,0,0
Terence Newman,MIN,CB,16,37.0,25.0,10,35,0.0,0,0,1,0
Richard Sherman,SEA,CB,9,39.0,25.0,10,35,0.0,0,0,2,0
Mike Pennel,NYJ,DT,16,35.0,20.0,15,35,0.0,0,0,0,0
Mike Hull,MIA,LB,16,37.0,27.0,8,35,0.0,0,1,0,0
Damien Wilson,DAL,LB,16,37.0,21.0,14,35,1.0,0,0,0,0
Quinton Dunbar,WAS,CB,15,37.0,30.0,5,35,0.0,0,0,1,0
Nate Hairston,IND,CB,14,41.0,26.0,9,35,2.0,0,0,1,0
Marlon Humphrey,BAL,CB,16,38.0,30.0,4,34,0.0,0,0,2,0
Eddie Yarbrough,BUF,DE,16,36.0,23.0,11,34,1.0,0,0,0,0
Andrew Adams,NYG,S,16,36.0,34.0,0,34,0.0,1,0,0,0
Leonard Floyd,CHI,LB,10,45.0,24.0,10,34,4.5,0,1,0,0
Kyle Emanuel,LAC,LB,16,39.0,21.0,13,34,1.5,0,0,1,0
Ronald Darby,PHI,CB,8,40.0,30.0,4,34,0.0,0,0,3,0
Shelby Harris,DEN,DE,16,45.0,22.0,12,34,5.5,0,0,0,0
Eli Harold,SF,DE,16,38.0,26.0,8,34,2.0,0,0,0,0
Connor Barwin,LAR,LB,14,46.0,26.0,8,34,5.0,0,1,0,0
Sean Smith,OAK,CB,14,38.0,32.0,2,34,0.0,0,0,2,0
Patrick Peterson,ARI,CB,16,38.0,30.0,4,34,0.0,0,1,1,0
Earl Mitchell,SF,DT,16,37.0,19.0,14,33,1.0,0,1,0,0
Chris Baker,TB,DE,15,34.0,24.0,9,33,0.5,0,0,0,0
Julius Peppers,CAR,DE,16,63.0,21.0,12,33,11.0,2,2,0,0
Danny Shelton,CLE,DT,14,33.0,20.0,13,33,0.0,0,0,0,0
Kavon Frazier,DAL,S,15,35.0,23.0,10,33,0.0,1,0,0,0
Willie Henry,BAL,DT,14,42.0,24.0,9,33,3.5,0,1,0,0
Adolphus Washington,BUF,DT,15,35.0,22.0,11,33,1.0,0,0,0,0
Shaq Lawson,BUF,DE,11,43.0,17.0,16,33,4.0,1,0,0,0
Carl Nassib,CLE,LB,16,38.0,19.0,13,32,3.0,0,0,0,0
Dean Lowry,GB,DE,16,44.0,18.0,14,32,2.0,0,1,0,1
Chris Jones,KC,DT,16,55.0,22.0,10,32,6.5,4,0,1,0
Javon Hargrave,PIT,DT,16,38.0,21.0,11,32,2.0,1,0,0,0
Larry Ogunjobi,CLE,DT,14,34.0,17.0,15,32,1.0,0,0,0,0
Dylan Cole,HOU,LB,12,44.0,16.0,16,32,1.0,0,0,2,1
Ahkello Witherspoon,SF,CB,12,38.0,28.0,4,32,0.0,1,0,2,0
Frank Clark,SEA,DE,16,56.0,19.0,13,32,9.0,2,1,0,0
Marquis Flowers,NE,LB,16,41.0,25.0,7,32,3.5,1,0,0,0
Tom Johnson,MIN,DT,16,36.0,17.0,15,32,2.0,0,0,0,0
Pierre Desir,IND,CB,9,34.0,21.0,11,32,0.0,0,0,1,0
Jimmie Ward,SF,S,7,34.0,27.0,5,32,0.0,0,1,0,0
Kevin Minter,CIN,LB,9,32.0,16.0,16,32,0.0,0,0,0,0
Mitch Unrein,CHI,DE,12,37.0,25.0,7,32,2.5,0,0,0,0
Robert Quinn,LAR,LB,15,53.0,21.0,11,32,8.5,2,0,0,0
Derrick Morgan,TEN,LB,14,51.0,16.0,16,32,7.5,0,2,0,0
Keenan Robinson,NYG,LB,6,32.0,20.0,12,32,0.0,0,0,0,0
Eddie Pleasant,HOU,S,16,40.0,25.0,7,32,2.0,1,0,1,0
Jeremy Lane,SEA,CB,13,31.0,21.0,10,31,0.0,0,0,0,0
Derek Wolfe,DEN,DE,11,35.0,18.0,13,31,2.0,0,0,0,0
Janoris Jenkins,NYG,CB,9,51.0,27.0,4,31,0.0,1,0,3,2
Mason Foster,WAS,LB,5,36.0,22.0,9,31,0.5,0,1,1,0
Aqib Talib,DEN,CB,15,41.0,23.0,8,31,0.0,1,0,1,1
Robert Ayers,TB,DE,12,39.0,20.0,11,31,2.0,2,0,0,0
Jamie Collins,CLE,LB,6,37.0,21.0,10,31,1.0,1,0,1,0
Abry Jones,JAX,DT,15,37.0,24.0,7,31,1.0,1,1,0,0
DaQuan Jones,TEN,DT,12,38.0,19.0,12,31,3.5,0,0,0,0
Adarius Taylor,TB,LB,14,43.0,22.0,9,31,1.0,1,1,0,1
Tyeler Davison,NO,DT,16,35.0,22.0,9,31,0.0,2,0,0,0
Darius Philon,LAC,DE,16,42.0,16.0,15,31,4.5,1,0,0,0
Samson Ebukam,LAR,LB,16,37.0,26.0,5,31,2.0,1,0,0,0
Myles Garrett,CLE,DE,11,49.0,19.0,12,31,7.0,1,1,0,0
Cordrea Tankersley,MIA,CB,11,31.0,24.0,7,31,0.0,0,0,0,0
Jalen Reeves-Maybin,DET,LB,14,33.0,25.0,5,30,0.5,1,0,0,0
Duke Riley,ATL,LB,12,30.0,15.0,15,30,0.0,0,0,0,0
Yannick Ngakoue,JAX,DE,16,76.0,24.0,6,30,12.0,6,2,0,1
Phillip Gaines,KC,CB,14,30.0,23.0,7,30,0.0,0,0,0,0
Olsen Pierre,ARI,DE,14,43.0,22.0,8,30,5.5,1,0,0,0
Cassius Marsh,NE/SF,LB,15,42.0,26.0,4,30,3.0,3,0,0,0
Paul Worrilow,DET,LB,13,32.0,20.0,10,30,0.0,0,1,0,0
Brandon Williams,BAL,DT,12,38.0,18.0,12,30,0.0,0,1,0,1
Brandon Mebane,LAC,DT,16,30.0,16.0,14,30,0.0,0,0,0,0
Derrick Shelby,ATL,DE,16,32.0,16.0,14,30,1.0,0,0,0,0
Michael Wilhoite,SEA,LB,14,32.0,21.0,9,30,0.0,0,0,1,0
Johnson Bademosi,NE,CB,16,29.0,24.0,5,29,0.0,0,0,0,0
Margus Hunt,IND,DT,16,31.0,19.0,10,29,1.0,0,0,0,0
Frostee Rucker,ARI,DE,16,32.0,23.0,6,29,1.5,0,0,0,0
Darius Butler,IND,S,15,35.0,23.0,6,29,0.0,2,1,0,0
Captain Munnerlyn,CAR,CB,14,33.0,24.0,5,29,2.0,0,0,0,0
Clinton McDonald,TB,DT,14,39.0,18.0,11,29,5.0,0,0,0,0
Anthony Levine,BAL,S,16,39.0,23.0,6,29,3.0,0,1,1,0
Kemal Ishmael,ATL,S,16,33.0,15.0,14,29,1.0,0,1,0,0
Tim Jernigan,PHI,DE,15,34.0,16.0,13,29,2.5,0,0,0,0
Vic Beasley,ATL,DE,14,41.0,23.0,6,29,5.0,1,0,0,0
Emmanuel Ogbah,CLE,DE,10,43.0,18.0,11,29,4.0,2,1,0,0
Rashard Robinson,NYJ/SF,CB,14,35.0,22.0,7,29,0.0,1,1,1,0
Brennan Scarlett,HOU,LB,11,33.0,21.0,8,29,2.0,0,0,0,0
Kevin King,GB,CB,9,28.0,22.0,6,28,0.0,0,0,0,0
Kyler Fackrell,GB,LB,16,36.0,22.0,6,28,3.0,0,1,0,0
Shamar Stephen,MIN,DT,15,30.0,9.0,19,28,1.0,0,0,0,0
Jordan Hicks,PHI,LB,7,30.0,19.0,9,28,0.0,0,1,0,0
Chris Long,PHI,DE,16,46.0,20.0,8,28,5.0,4,0,0,0
Jimmy Smith,BAL,CB,12,48.0,26.0,2,28,0.0,0,1,3,2
Marcell Dareus,BUF/JAX,DT,14,32.0,22.0,6,28,2.0,0,0,0,0
Cedric Thornton,BUF,DT,15,31.0,18.0,9,27,2.0,0,0,0,0
Tyrone Crawford,DAL,DT,16,39.0,18.0,9,27,4.0,1,1,0,0
Corey Moore,HOU,S,14,27.0,20.0,7,27,0.0,0,0,0,0
Jordan Richards,NE,S,16,29.0,24.0,3,27,0.0,1,0,0,0
Mario Edwards,OAK,DE,14,34.0,19.0,8,27,3.5,0,0,0,0
Michael Thomas,MIA,S,13,27.0,16.0,11,27,0.0,0,0,0,0
William Jackson,CIN,CB,15,37.0,21.0,6,27,1.0,0,0,1,1
Matthew Ioannidis,WAS,DT,14,38.0,13.0,14,27,4.5,1,0,0,0
Maurice Canady,BAL,CB,8,27.0,22.0,5,27,0.0,0,0,0,0
Jonathan Bullard,CHI,DE,16,30.0,18.0,8,26,1.0,1,0,0,0
Sheldon Rankins,NO,DT,16,34.0,16.0,10,26,2.0,1,0,1,0
Deatrich Wise,NE,DE,16,36.0,16.0,10,26,5.0,0,0,0,0
David Bass,NYJ/SEA,DE,15,33.0,16.0,10,26,3.5,0,0,0,0
Chris Smith,CIN,DE,16,34.0,17.0,9,26,3.0,1,0,0,0
Brandon Dunn,HOU,DE,16,28.0,17.0,9,26,0.0,0,1,0,0
Fletcher Cox,PHI,DT,14,49.0,15.0,11,26,5.5,1,2,0,1
Da'Norris Searcy,TEN,S,16,28.0,15.0,11,26,0.0,0,0,1,0
Ryan Davis,BUF,DE,16,34.0,17.0,9,26,3.0,1,0,0,0
Keith Tandy,TB,S,14,26.0,19.0,7,26,0.0,0,0,0,0
Pat Sims,CIN,DT,14,26.0,9.0,16,25,0.5,0,0,0,0
Ziggy Hood,WAS,DT,15,26.0,13.0,12,25,0.5,0,0,0,0
Nate Orchard,CLE,DE,16,31.0,14.0,11,25,2.0,1,0,0,0
Bryce Callahan,CHI,CB,12,33.0,20.0,5,25,1.0,1,0,2,0
Star Lotulelei,CAR,DT,16,30.0,6.0,19,25,1.5,0,1,0,0
Terence Garvin,SEA,LB,15,29.0,16.0,9,25,1.0,1,0,0,0
Stephon Tuitt,PIT,DE,12,33.0,19.0,6,25,3.0,1,0,0,0
Jordan Willis,CIN,LB,16,27.0,17.0,8,25,1.0,0,0,0,0
Marquel Lee,OAK,LB,13,25.0,18.0,7,25,0.0,0,0,0,0
Rasul Douglas,PHI,CB,14,29.0,23.0,2,25,0.0,0,0,2,0
Chidobe Awuzie,DAL,CB,10,29.0,14.0,11,25,0.0,1,0,1,0
Blake Countess,LAR,S,16,27.0,19.0,6,25,0.0,0,0,1,0
Austin Johnson,TEN,DE,16,26.0,15.0,9,24,1.0,0,0,0,0
Joel Heath,HOU,DE,13,26.0,17.0,7,24,1.0,0,0,0,0
Montae Nicholson,WAS,S,8,26.0,18.0,6,24,0.0,0,0,1,0
Rontez Miles,NYJ,S,13,24.0,21.0,3,24,0.0,0,0,0,0
Cornelius Washington,DET,DT,15,29.0,15.0,9,24,2.5,0,0,0,0
Kareem Martin,ARI,LB,16,30.0,18.0,6,24,1.0,1,0,1,0
Tenny Palepoi,LAC,DT,15,26.0,20.0,4,24,1.0,0,0,0,0
Za'Darius Smith,BAL,LB,14,33.0,15.0,9,24,3.5,1,0,0,0
Rakeem Nunez-Roches,KC,DE,16,25.0,13.0,11,24,0.5,0,0,0,0
Lamarr Houston,HOU/HOU/CHI,LB,15,56.0,20.0,4,24,6.0,2,2,0,2
Rafael Bush,NO,S,14,25.0,17.0,6,23,1.0,0,0,0,0
Rey Maualuga,MIA,LB,6,23.0,14.0,9,23,0.0,0,0,0,0
Adam Jones,CIN,CB,9,25.0,19.0,4,23,0.0,0,0,1,0
Colin Jones,CAR,S,16,25.0,14.0,9,23,0.0,0,0,1,0
Andre Branch,MIA,DE,14,32.0,12.0,11,23,4.5,0,0,0,0
Kenneth Acker,KC,CB,16,25.0,21.0,2,23,0.0,0,0,1,0
Matt Longacre,LAR,LB,14,38.0,16.0,7,23,5.5,1,1,0,0
Ethan Westbrooks,LAR,DE,16,31.0,14.0,9,23,4.0,0,0,0,0
Jeremiah George,IND,LB,16,26.0,19.0,4,23,0.5,0,1,0,0
Duron Harmon,NE,S,16,31.0,16.0,7,23,0.0,0,0,4,0
Damontae Kazee,ATL,S,16,27.0,14.0,9,23,0.0,2,0,0,0
Marwin Evans,GB,S,16,25.0,20.0,3,23,0.0,1,0,0,0
Ryan Glasgow,CIN,DT,16,23.0,12.0,11,23,0.0,0,0,0,0
James Cowser,OAK,DE,16,29.0,14.0,9,23,0.0,1,2,0,0
Kentrell Brice,GB,S,6,25.0,19.0,4,23,0.0,0,0,1,0
Tyler Matakevich,PIT,LB,15,23.0,18.0,5,23,0.0,0,0,0,0
Grover Stewart,IND,DT,15,23.0,12.0,11,23,0.0,0,0,0,0
Kevon Seymour,CAR,CB,16,22.0,18.0,4,22,0.0,0,0,0,0
Kamu Grugier-Hill,PHI,LB,16,24.0,19.0,3,22,0.0,1,0,0,0
Maliek Collins,DAL,DT,16,31.0,10.0,12,22,2.5,0,2,0,0
Malik Hooker,IND,S,7,28.0,16.0,6,22,0.0,0,0,3,0
Quincy Wilson,IND,CB,7,24.0,19.0,3,22,0.0,0,0,1,0
Anthony Walker,IND,LB,10,22.0,11.0,11,22,0.0,0,0,0,0
Cody Davis,LAR,S,7,24.0,15.0,7,22,0.0,0,0,1,0
Josh Mauro,ARI,DE,13,24.0,15.0,7,22,1.0,0,0,0,0
David Irving,DAL,DT,8,38.0,13.0,9,22,7.0,1,0,0,0
Henry Anderson,IND,DE,9,28.0,15.0,7,22,2.0,1,0,0,0
Coty Sensabaugh,PIT,CB,14,24.0,19.0,3,22,0.0,0,0,1,0
Najee Goode,PHI,LB,16,22.0,18.0,4,22,0.0,0,0,0,0
Tyrunn Walker,LAR,DT,16,28.0,15.0,7,22,1.0,1,1,0,0
David Harris,NE,LB,10,25.0,15.0,7,22,1.5,0,0,0,0
Corey Peters,ARI,DT,12,24.0,18.0,4,22,1.0,0,0,0,0
Adrian Clayborn,ATL,DE,16,54.0,17.0,4,21,9.5,2,2,0,1
Vontae Davis,IND,CB,5,21.0,16.0,5,21,0.0,0,0,0,0
Corey Liuget,LAC,DT,12,26.0,15.0,6,21,1.5,1,0,0,0
Pernell McPhee,CHI,LB,13,31.0,20.0,1,21,4.0,1,0,0,0
Dante Fowler,JAX,DE,16,51.0,18.0,3,21,8.0,2,2,0,1
Jay Bromley,NYG,DT,16,23.0,17.0,4,21,1.0,0,0,0,0
Brandon Dixon,NYG,CB,5,23.0,15.0,6,21,0.0,1,0,0,0
Benson Mayowa,DAL,DE,14,23.0,13.0,8,21,1.0,0,0,0,0
Carlos Watkins,HOU,DE,12,21.0,9.0,12,21,0.0,0,0,0,0
Derek Barnett,PHI,DE,15,43.0,18.0,3,21,5.0,1,2,0,1
Juston Burris,NYJ,S,14,27.0,19.0,2,21,0.0,1,1,1,0
Dawuane Smoot,JAX,DE,16,20.0,14.0,6,20,0.0,0,0,0,0
Takkarist McKinley,ATL,DE,16,38.0,15.0,5,20,6.0,2,1,0,0
Maurice Alexander,LAR,LB,4,20.0,13.0,7,20,0.0,0,0,0,0
Beau Allen,PHI,DT,15,22.0,13.0,7,20,1.0,0,0,0,0
Chris McCain,LAC,DE,15,34.0,18.0,2,20,5.0,2,0,0,0
Xavier Williams,ARI,DT,11,23.0,16.0,4,20,0.5,1,0,0,0
Tye Smith,TEN,CB,15,22.0,15.0,5,20,0.0,0,0,1,0
Kurtis Drummond,HOU,S,15,22.0,16.0,4,20,1.0,0,0,0,0
Terrell McClain,WAS,DT,12,26.0,17.0,3,20,2.0,0,1,0,0
Sylvester Williams,TEN,DT,15,20.0,12.0,8,20,0.0,0,0,0,0
Julian Stanford,NYJ,LB,16,20.0,15.0,5,20,0.0,0,0,0,0
Brian Robison,MIN,DE,15,28.0,15.0,5,20,4.0,0,0,0,0
Junior Galette,WAS,LB,16,28.0,14.0,6,20,3.0,1,0,0,0
Joe Haden,PIT,CB,11,24.0,18.0,2,20,1.0,0,0,1,0
Nate Allen,MIA,S,7,20.0,14.0,6,20,0.0,0,0,0,0
William Gay,PIT,CB,16,25.0,16.0,3,19,0.0,2,0,1,0
Leger Douzable,SF,DE,5,23.0,17.0,2,19,2.0,0,0,0,0
Ahmad Brooks,GB,LB,12,22.0,13.0,6,19,1.5,0,0,0,0
William Hayes,MIA,DE,10,21.0,14.0,5,19,1.0,0,0,0,0
Sean Spence,PIT,LB,4,21.0,11.0,8,19,1.0,0,0,0,0
Tank Carradine,SF,DE,8,22.0,14.0,5,19,1.5,0,0,0,0
Robert Golden,PIT,S,16,21.0,13.0,6,19,0.0,0,0,1,0
Quinten Rollins,GB,CB,6,23.0,9.0,10,19,0.0,0,2,0,0
David Mayo,CAR,LB,16,19.0,8.0,11,19,0.0,0,0,0,0
Will Compton,WAS,LB,9,21.0,13.0,6,19,0.0,0,0,1,0
Kerry Wynn,NYG,DE,15,21.0,14.0,5,19,1.0,0,0,0,0
Anthony Chickillo,PIT,LB,16,25.0,13.0,6,19,3.0,0,0,0,0
Carl Davis,BAL,DT,15,20.0,12.0,7,19,0.5,0,0,0,0
Zach Kerr,DEN,DT,11,20.0,10.0,9,19,0.5,0,0,0,0
Damion Square,LAC,DT,16,21.0,13.0,6,19,0.0,0,1,0,0
Quinton Dial,GB,DT,13,19.0,12.0,7,19,0.0,0,0,0,0
Treyvon Hester,OAK,DT,14,21.0,9.0,10,19,0.0,1,0,0,0
Nazair Jones,SEA,DT,11,27.0,10.0,9,19,2.0,0,1,1,0
Taco Charlton,DAL,DE,16,27.0,15.0,4,19,3.0,1,0,0,0
Charles Harris,MIA,DE,16,25.0,15.0,4,19,2.0,0,1,0,0
Morgan Fox,LAR,DE,16,28.0,14.0,5,19,2.5,1,1,0,0
Sheldon Day,SF/JAX,DT,12,23.0,13.0,6,19,2.0,0,0,0,0
Eric Lee,NE,DE,6,28.0,10.0,9,19,3.5,0,0,1,0
Adam Butler,NE,DT,16,23.0,11.0,8,19,2.0,0,0,0,0
Michael Davis,LAC,CB,15,18.0,14.0,4,18,0.0,0,0,0,0
Curtis Grant,NYG,LB,10,20.0,14.0,4,18,0.0,0,1,0,0
De'Vante Harris,NO,CB,11,18.0,15.0,3,18,0.0,0,0,0,0
Tyrell Adams,OAK,LB,6,18.0,11.0,7,18,0.0,0,0,0,0
Trae Elston,BUF,S,13,20.0,9.0,9,18,0.0,0,0,1,0
Caleb Brantley,CLE,DT,12,24.0,12.0,6,18,2.0,0,1,0,0
Vincent Taylor,MIA,DT,13,18.0,11.0,7,18,0.0,0,0,0,0
Eddie Vanderdoes,OAK,DT,16,18.0,13.0,5,18,0.0,0,0,0,0
Hardy Nickerson,CIN,LB,14,18.0,12.0,6,18,0.0,0,0,0,0
Shalom Luani,OAK,S,16,18.0,14.0,4,18,0.0,0,0,0,0
A.J. Francis,WAS,DT,6,18.0,5.0,13,18,0.0,0,0,0,0
Marcus Cooper,CHI,CB,15,18.0,17.0,1,18,0.0,0,0,0,0
Troy Hill,LAR,CB,12,20.0,16.0,2,18,0.0,0,1,0,0
Anthony Harris,MIN,S,16,24.0,16.0,2,18,0.0,1,2,0,0
David Amerson,OAK,CB,6,20.0,14.0,4,18,0.0,0,1,0,0
Dion Jordan,SEA,DE,5,28.0,10.0,8,18,4.0,1,0,0,0
Karl Klug,TEN,DE,15,21.0,13.0,5,18,1.5,0,0,0,0
Emmanuel Lamur,MIN,LB,16,19.0,9.0,8,17,0.0,0,1,0,0
Rodney Gunter,ARI,DT,16,19.0,11.0,6,17,1.0,0,0,0,0
Ryan Russell,TB,DE,14,21.0,13.0,4,17,2.0,0,0,0,0
Xavier Cooper,NYJ/SF,DE,13,20.0,7.0,10,17,1.5,0,0,0,0
Brian Peters,HOU,LB,16,17.0,12.0,5,17,0.0,0,0,0,0
Wes Horton,CAR,DE,16,34.0,11.0,6,17,5.5,3,0,0,0
Jaylen Watkins,PHI,S,12,17.0,16.0,1,17,0.0,0,0,0,0
Mackensie Alexander,MIN,CB,14,19.0,13.0,4,17,0.0,0,0,1,0
Cre'von LeBlanc,CHI,CB,15,21.0,14.0,3,17,1.0,1,0,0,0
Josh Harvey-Clemons,WAS,LB,10,17.0,9.0,7,16,0.5,0,0,0,0
Vince Biegel,GB,LB,9,16.0,11.0,5,16,0.0,0,0,0,0
Alex Anzalone,NO,LB,4,18.0,11.0,5,16,1.0,0,0,0,0
Carl Lawson,CIN,DE,16,33.0,10.0,6,16,8.5,0,0,0,0
Robert Thomas,NYG,DT,15,16.0,5.0,11,16,0.0,0,0,0,0
Jordan Phillips,MIA,DE,13,20.0,10.0,6,16,2.0,0,0,0,0
Shane Ray,DEN,LB,8,18.0,10.0,6,16,1.0,0,0,0,0
Arik Armstead,SF,DE,6,19.0,8.0,8,16,1.5,0,0,0,0
Christian Covington,HOU,DT,7,20.0,10.0,6,16,1.0,1,0,0,0
Ramik Wilson,KC,LB,8,24.0,14.0,2,16,0.0,0,1,0,1
Ibraheim Campbell,CLE,S,8,18.0,13.0,3,16,0.0,0,1,0,0
John Timu,CHI,LB,11,16.0,12.0,4,16,0.0,0,0,0,0
Brian Cushing,HOU,LB,5,19.0,8.0,8,16,1.5,0,0,0,0
Charles Johnson,CAR,DE,12,16.0,4.0,12,16,0.0,0,0,0,0
Leon Hall,SF,CB,9,16.0,15.0,1,16,0.0,0,0,0,0
Kyle Love,CAR,DT,16,23.0,9.0,7,16,3.5,0,0,0,0
Ahtyba Rubin,ATL/DEN,DT,12,15.0,7.0,8,15,0.0,0,0,0,0
J.J. Watt,HOU,DE,5,15.0,11.0,4,15,0.0,0,0,0,0
Alterraun Verner,MIA,CB,15,17.0,12.0,3,15,0.0,1,0,0,0
Datone Jones,DAL/SF,DE,7,17.0,9.0,6,15,1.0,0,0,0,0
Eric Rowe,NE,S,8,15.0,14.0,1,15,0.0,0,0,0,0
Richard Ash,DAL,DT,10,15.0,12.0,3,15,0.0,0,0,0,0
Stephone Anthony,MIA,LB,8,15.0,12.0,3,15,0.0,0,0,0,0
Terrence Fede,MIA,LB,16,17.0,11.0,4,15,0.0,0,1,0,0
Will Clarke,TB,DE,15,22.0,12.0,3,15,2.5,0,1,0,0
Marcus Smith,SEA,LB,14,24.0,9.0,6,15,2.5,2,0,0,0
Ryan Anderson,WAS,DE,14,15.0,12.0,3,15,0.0,0,0,0,0
Blair Brown,JAX,LB,13,16.0,11.0,4,15,0.5,0,0,0,0
Ronald Blair,SF,DE,6,21.0,10.0,5,15,2.0,1,0,0,0
Kamalei Correa,BAL,LB,16,15.0,10.0,5,15,0.0,0,0,0,0
Eli Ankou,JAX,DT,9,18.0,8.0,7,15,1.5,0,0,0,0
Lenzy Pipkins,GB,CB,12,15.0,11.0,4,15,0.0,0,0,0,0
Kai Nacua,CLE,S,16,14.0,12.0,2,14,0.0,0,0,0,0
Devante Bond,TB,LB,14,14.0,12.0,2,14,0.0,0,0,0,0
Charles Washington,DET,S,16,14.0,11.0,3,14,0.0,0,0,0,0
Hassan Ridgeway,IND,DT,13,20.0,5.0,9,14,3.0,0,0,0,0
Fabian Moreau,WAS,CB,16,14.0,7.0,7,14,0.0,0,0,0,0
Teez Tabor,DET,CB,10,14.0,12.0,2,14,0.0,0,0,0,0
Jeremiah Ledbetter,DET,DE,16,15.0,6.0,8,14,0.5,0,0,0,0
Avery Moss,NYG,DE,11,16.0,10.0,4,14,0.0,1,0,0,0
Tanoh Kpassagnon,KC,LB,16,18.0,8.0,6,14,2.0,0,0,0,0
Tanzel Smart,LAR,DT,16,14.0,9.0,5,14,0.0,0,0,0,0
Anthony Lanier,WAS,DE,11,28.0,11.0,3,14,5.0,1,1,0,0
Kony Ealy,NYJ,DE,15,18.0,11.0,3,14,1.0,0,0,1,0
Joe Thomas,GB,LB,12,15.0,6.0,8,14,0.5,0,0,0,0
Dont'a Hightower,NE,LB,5,18.0,12.0,2,14,2.0,0,0,0,0
DeAngelo Hall,WAS,S,5,14.0,11.0,3,14,0.0,0,0,0,0
Elvis Dumervil,SF,LB,16,26.0,9.0,4,13,6.5,0,0,0,0
Tony McDaniel,NO/SF/SF,DT,9,17.0,12.0,1,13,0.0,2,0,0,0
Justin Durant,DAL,LB,7,13.0,9.0,4,13,0.0,0,0,0,0
Sherrick McManis,CHI,S,13,15.0,8.0,5,13,0.0,0,1,0,0
Jamie Meder,CLE,DT,10,13.0,8.0,5,13,0.0,0,0,0,0
Dee Ford,KC,DE,6,19.0,11.0,2,13,2.0,1,0,0,0
Terrence Brooks,NYJ,S,15,17.0,10.0,3,13,0.0,0,0,2,0
Trey Hendrickson,NO,DE,12,19.0,7.0,6,13,2.0,1,0,0,0
Rayshawn Jenkins,LAC,S,15,13.0,10.0,3,13,0.0,0,0,0,0
Chuck Clark,BAL,S,15,13.0,12.0,1,13,0.0,0,0,0,0
Steve Longa,DET,LB,15,13.0,12.0,1,13,0.0,0,0,0,0
Jayron Kearse,MIN,S,15,13.0,9.0,4,13,0.0,0,0,0,0
Roy Robertson-Harris,CHI,DE,13,17.0,8.0,5,13,2.0,0,0,0,0
Andrew Billings,CIN,DT,15,13.0,9.0,4,13,0.0,0,0,0,0
Vernon Butler,CAR,DT,14,13.0,8.0,5,13,0.0,0,0,0,0
Kentrell Brothers,MIN,LB,16,13.0,9.0,4,13,0.0,0,0,0,0
Donald Payne,JAX,LB,13,13.0,10.0,3,13,0.0,0,0,0,0
Nigel Harris,NYG/LAC,LB,7,12.0,9.0,3,12,0.0,0,0,0,0
Nat Berhe,NYG,S,15,14.0,8.0,4,12,1.0,0,0,0,0
Brynden Trawick,TEN,S,16,12.0,9.0,3,12,0.0,0,0,0,0
Chris Banjo,NO,S,16,18.0,10.0,2,12,0.0,1,1,1,0
J.J. Wilcox,PIT,S,12,14.0,9.0,3,12,0.0,0,0,1,0
Peyton Thompson,JAX,S,16,12.0,9.0,3,12,0.0,0,0,0,0
Lerentee McCray,JAX,DE,13,15.0,7.0,5,12,1.5,0,0,0,0
Leterrius Walton,PIT,DE,16,16.0,9.0,3,12,2.0,0,0,0,0
Curtis Riley,TEN,S,7,14.0,8.0,4,12,0.0,0,0,1,0
Bryce Hager,LAR,LB,16,16.0,9.0,3,12,0.0,1,1,0,0
Ricky Jean Francois,GB/NE,DT,12,12.0,7.0,5,12,0.0,0,0,0,0
Brice McCain,TEN,CB,16,12.0,9.0,3,12,0.0,0,0,0,0
Alan Branch,NE,DT,12,12.0,12.0,0,12,0.0,0,0,0,0
Quintin Demps,CHI,S,3,12.0,11.0,1,12,0.0,0,0,0,0
Neiko Thorpe,SEA,CB,14,14.0,10.0,2,12,0.0,0,1,0,0
Nick Bellore,DET,FB,13,12.0,9.0,3,12,0.0,0,0,0,0
L.J. Fort,PIT,LB,15,13.0,9.0,2,11,1.0,0,0,0,0
Jairus Byrd,CAR,S,12,11.0,9.0,2,11,0.0,0,0,0,0
Darrelle Revis,KC,CB,5,11.0,10.0,1,11,0.0,0,0,0,0
Chris Maragos,PHI,S,6,11.0,5.0,6,11,0.0,0,0,0,0
Jermaine Whitehead,GB,S,10,11.0,8.0,3,11,0.0,0,0,0,0
Markus Golden,ARI,LB,4,11.0,11.0,0,11,0.0,0,0,0,0
Michael Mauti,NO,LB,11,13.0,8.0,3,11,0.0,1,0,0,0
Nate Palmer,TEN,LB,10,11.0,6.0,5,11,0.0,0,0,0,0
Jelani Jenkins,HOU,LB,7,11.0,9.0,2,11,0.0,0,0,0,0
Darryl Morris,NYG,CB,5,11.0,6.0,5,11,0.0,0,0,0,0
Xavier Woodson-Luster,OAK,LB,14,11.0,5.0,6,11,0.0,0,0,0,0
Branden Jackson,SEA,DE,12,12.0,7.0,4,11,0.5,0,0,0,0
Terrance Smith,KC,LB,15,13.0,10.0,1,11,0.0,0,0,1,0
Kevin Peterson,LAR,CB,6,15.0,7.0,4,11,0.0,0,0,2,0
Robert Nkemdiche,ARI,DE,12,21.0,4.0,7,11,0.0,1,1,0,1
Jamal Carter,DEN,S,16,11.0,9.0,2,11,0.0,0,0,0,0
Tyus Bowser,BAL,LB,16,19.0,9.0,2,11,3.0,0,0,1,0
Jarrod Wilson,JAX,S,15,13.0,10.0,1,11,0.0,0,1,0,0
Antonio Hamilton,OAK,CB,8,11.0,11.0,0,11,0.0,0,0,0,0
Destiny Vaeao,PHI,DT,11,10.0,7.0,3,10,0.0,0,0,0,0
Jonathan Allen,WAS,DT,5,12.0,3.0,7,10,1.0,0,0,0,0
Joe Walker,PHI,LB,12,10.0,6.0,4,10,0.0,0,0,0,0
Deandre Houston-Carson,CHI,S,11,14.0,10.0,0,10,0.0,2,0,0,0
Freddie Bishop,NYJ,LB,5,12.0,5.0,5,10,0.0,0,1,0,0
Brandon Bell,CIN,LB,3,10.0,6.0,4,10,0.0,0,0,0,0
Jamal Agnew,DET,WR,13,10.0,10.0,0,10,0.0,0,0,0,0
D.J. Jones,SF,DT,9,10.0,8.0,2,10,0.0,0,0,0,0
Trevor Reilly,NE,LB,6,10.0,7.0,3,10,0.0,0,0,0,0
Hau'oli Kikaha,NO,LB,12,18.0,6.0,4,10,4.0,0,0,0,0
Jonathan Anderson,CHI,LB,12,10.0,9.0,1,10,0.0,0,0,0,0
D.J. Alexander,SEA,LB,12,10.0,9.0,1,10,0.0,0,0,0,0
Jerrell Freeman,CHI,LB,1,10.0,7.0,3,10,0.0,0,0,0,0
Johnthan Banks,HOU,CB,3,10.0,8.0,2,10,0.0,0,0,0,0
John Hughes,NO,DT,8,10.0,4.0,6,10,0.0,0,0,0,0
Kyle Wilber,DAL,LB,16,12.0,8.0,2,10,0.0,1,0,0,0
Whitney Mercilus,HOU,LB,5,14.0,9.0,1,10,1.0,1,0,0,0
Courtney Upshaw,ATL,DE,13,13.0,5.0,4,9,1.0,1,0,0,0
Jarvis Jenkins,KC,DE,11,11.0,7.0,2,9,1.0,0,0,0,0
Don Carey,DET,S,13,11.0,9.0,0,9,0.0,1,0,0,0
Angelo Blackson,HOU,DE,9,9.0,8.0,1,9,0.0,0,0,0,0
Garrison Smith,SEA,DT,8,9.0,6.0,3,9,0.0,0,0,0,0
Aaron Lynch,SF,DE,7,13.0,5.0,4,9,1.0,0,1,0,0
Walt Aikens,MIA,S,16,11.0,6.0,3,9,0.0,1,0,0,0
Shamarko Thomas,BUF,S,12,9.0,8.0,1,9,0.0,0,0,0,0
Noah Spence,TB,DE,6,13.0,5.0,4,9,1.0,1,0,0,0
Marqui Christian,LAR,S,12,9.0,5.0,4,9,0.0,0,0,0,0
KeiVarae Russell,CIN,CB,8,9.0,9.0,0,9,0.0,0,0,0,0
Lafayette Pitts,BUF/JAX,CB,16,9.0,8.0,1,9,0.0,0,0,0,0
Deon Lacey,BUF,LB,16,9.0,7.0,2,9,0.0,0,0,0,0
Chris Milton,IND,CB,14,9.0,9.0,0,9,0.0,0,0,0,0
Brian Price,DAL,DT,8,8.0,5.0,3,8,0.0,0,0,0,0
Taywan Taylor,TEN,WR,16,8.0,7.0,1,8,0.0,0,0,0,0
Shilique Calhoun,OAK,LB,9,8.0,4.0,4,8,0.0,0,0,0,0
Lewis Neal,DAL,DT,7,8.0,3.0,5,8,0.0,0,0,0,0
Dymonte Thomas,DEN,S,3,8.0,4.0,4,8,0.0,0,0,0,0
C.J. Goodwin,ATL,CB,12,8.0,7.0,1,8,0.0,0,0,0,0
Clayton Geathers,IND,S,5,8.0,5.0,3,8,0.0,0,0,0,0
Cameron Lynch,TB/LAR,LB,14,10.0,7.0,1,8,0.0,0,1,0,0
Arthur Moats,PIT,DE,14,8.0,6.0,2,8,0.0,0,0,0,0
Tramaine Brock,MIN,CB,11,8.0,6.0,2,8,0.0,0,0,0,0
Dekoda Watson,SF,DE,14,8.0,6.0,2,8,0.0,0,0,0,0
Dannell Ellerbe,PHI,LB,3,8.0,6.0,2,8,0.0,0,0,0,0
James Harrison,NE/PIT,LB,6,16.0,6.0,2,8,3.0,1,0,0,0
Chris Prosinski,CHI,S,3,8.0,5.0,3,8,0.0,0,0,0,0
Sealver Siliga,TB,DT,8,8.0,3.0,5,8,0.0,0,0,0,0
John Jenkins,CHI,DT,8,8.0,5.0,3,8,0.0,0,0,0,0
Chris Carter,WAS,LB,13,7.0,4.0,3,7,0.0,0,0,0,0
Haloti Ngata,DET,DT,5,11.0,7.0,0,7,2.0,0,0,0,0
Eric Berry,KC,S,1,7.0,4.0,3,7,0.0,0,0,0,0
George Johnson,DET/NO,DE,7,12.0,5.0,2,7,2.5,0,0,0,0
Willie Young,CHI,LB,4,11.0,4.0,3,7,2.0,0,0,0,0
Justin Currie,CLE,S,3,9.0,6.0,1,7,1.0,0,0,0,0
Deiontrez Mount,DEN,LB,7,7.0,6.0,1,7,0.0,0,0,0,0
LaRoy Reynolds,ATL,LB,9,7.0,5.0,2,7,0.0,0,0,0,0
Deandre Coleman,BUF,DT,6,7.0,3.0,4,7,0.0,0,0,0,0
Jeremiah Attaochu,LAC,LB,4,7.0,6.0,1,7,0.0,0,0,0,0
Stephen Weatherly,MIN,DE,15,7.0,7.0,0,7,0.0,0,0,0,0
Quinton Jefferson,SEA,DE,6,9.0,6.0,1,7,1.0,0,0,0,0
Kevin Dodd,TEN,LB,9,7.0,4.0,3,7,0.0,0,0,0,0
Darius Latham,OAK,DT,3,7.0,3.0,4,7,0.0,0,0,0,0
Tarell Basham,IND,LB,15,13.0,5.0,2,7,2.0,1,0,0,0
DeMarcus Walker,DEN,DE,10,9.0,7.0,0,7,1.0,0,0,0,0
Gareon Conley,OAK,CB,2,7.0,5.0,2,7,0.0,0,0,0,0
Treston Decoud,HOU,CB,10,7.0,6.0,1,7,0.0,0,0,0,0
Obi Melifonwu,OAK,S,5,7.0,6.0,1,7,0.0,0,0,0,0
Tim Williams,BAL,LB,8,6.0,5.0,1,6,0.0,0,0,0,0
Bryan Cox,CAR,DE,7,8.0,4.0,2,6,0.0,0,1,0,0
Kyle Peko,DEN,DT,6,6.0,4.0,2,6,0.0,0,0,0,0
Ufomba Kamalu,HOU,DE,9,10.0,5.0,1,6,2.0,0,0,0,0
Harlan Miller,ARI,CB,5,8.0,4.0,2,6,0.0,0,1,0,0
Jordan Lucas,MIA,S,11,6.0,4.0,2,6,0.0,0,0,0,0
Deon Bush,CHI,S,13,6.0,4.0,2,6,0.0,0,0,0,0
Chris Odom,GB,LB,7,6.0,3.0,3,6,0.0,0,0,0,0
B.J. Bello,CLE,LB,16,6.0,5.0,1,6,0.0,0,0,0,0
Keith McGill,OAK,S,13,6.0,6.0,0,6,0.0,0,0,0,0
Isaiah Johnson,LAR,S,1,6.0,1.0,5,6,0.0,0,0,0,0
Marcus Sherels,MIN,CB,16,6.0,6.0,0,6,0.0,0,0,0,0
Roy Miller,KC,DT,7,6.0,2.0,4,6,0.0,0,0,0,0
Bruce Carter,NYJ,LB,14,6.0,2.0,4,6,0.0,0,0,0,0
Ben Jacobs,CAR,LB,16,6.0,4.0,2,6,0.0,0,0,0,0
Sterling Moore,NO,CB,6,7.0,5.0,0,5,0.0,1,0,0,0
Jack Crawford,ATL,DE,4,5.0,3.0,2,5,0.0,0,0,0,0
Jerel Worthy,BUF,DT,5,5.0,1.0,4,5,0.0,0,0,0,0
Damontre Moore,DAL,DE,3,5.0,3.0,2,5,0.0,0,0,0,0
Josh Robinson,TB,S,11,7.0,4.0,1,5,0.0,1,0,0,0
Nolan Carroll,DAL,CB,2,5.0,5.0,0,5,0.0,0,0,0,0
Nordly Capi,BUF,DE,4,9.0,3.0,2,5,1.0,1,0,0,0
Derron Smith,CLE/CIN,S,10,5.0,5.0,0,5,0.0,0,0,0,0
Dexter McDougle,PHI,CB,8,5.0,4.0,1,5,0.0,0,0,0,0
Isaiah Irving,CHI,LB,7,7.0,5.0,0,5,0.0,0,1,0,0
Daniel Ross,DAL,DT,3,9.0,4.0,1,5,1.0,0,1,0,0
Cameron Sutton,PIT,CB,5,5.0,4.0,1,5,0.0,0,0,0,0
Marcus Rios,DEN,CB,5,5.0,5.0,0,5,0.0,0,0,0,0
Ukeme Eligwe,KC,LB,14,7.0,5.0,0,5,1.0,0,0,0,0
Patrick Ricard,BAL,FB,16,5.0,3.0,2,5,0.0,0,0,0,0
Jeremiah Valoaga,DET,DE,9,7.0,5.0,0,5,1.0,0,0,0,0
Dominique Hatfield,LAR,CB,11,5.0,4.0,1,5,0.0,0,0,0,0
Scooby Wright,ARI,LB,10,5.0,5.0,0,5,0.0,0,0,0,0
Erik Harris,OAK,S,15,5.0,4.0,1,5,0.0,0,0,0,0
Bronson Kaufusi,BAL,TE,3,5.0,2.0,3,5,0.0,0,0,0,0
Tyvis Powell,SF,S,3,5.0,4.0,1,5,0.0,0,0,0,0
Javien Elliott,TB,CB,15,5.0,5.0,0,5,0.0,0,0,0,0
Nicholas Grigsby,NE,LB,5,5.0,4.0,1,5,0.0,0,0,0,0
Dylan Donahue,NYJ,LB,4,5.0,4.0,1,5,0.0,0,0,0,0
Chris Wormley,BAL,DE,7,5.0,5.0,0,5,0.0,0,0,0,0
Nate Gerry,PHI,LB,10,5.0,3.0,2,5,0.0,0,0,0,0
Lano Hill,SEA,S,15,5.0,3.0,2,5,0.0,0,0,0,0
Tanner Vallejo,BUF,LB,15,5.0,3.0,2,5,0.0,0,0,0,0
Cameron Malveaux,MIA,LB,4,7.0,4.0,1,5,1.0,0,0,0,0
Tedric Thompson,SEA,S,9,8.0,2.0,2,4,0.0,0,2,0,0
Elijah Qualls,PHI,DT,6,4.0,3.0,1,4,0.0,0,0,0,0
Isaac Rochell,LAC,DE,3,6.0,4.0,0,4,1.0,0,0,0,0
Pete Robertson,WAS,LB,4,4.0,2.0,2,4,0.0,0,0,0,0
Tony McRae,CIN,CB,4,4.0,3.0,1,4,0.0,0,0,0,0
Elijah Lee,SF,LB,14,6.0,3.0,1,4,0.0,1,0,0,0
Demetrious Cox,CAR,S,4,4.0,4.0,0,4,0.0,0,0,0,0
Tyler Patmon,JAX,CB,13,4.0,2.0,2,4,0.0,0,0,0,0
Corey Nelson,DEN,LB,5,4.0,2.0,2,4,0.0,0,0,0,0
Robert Nelson,NYJ,S,2,4.0,4.0,0,4,0.0,0,0,0,0
Dexter McCoil,SF,S,8,4.0,4.0,0,4,0.0,0,0,0,0
Khyri Thornton,DET,DT,4,4.0,3.0,1,4,0.0,0,0,0,0
Brent Urban,BAL,DE,3,4.0,3.0,1,4,0.0,0,0,0,0
Keith Reaser,KC,CB,1,6.0,4.0,0,4,1.0,0,0,0,0
Joe Vellano,ATL,DT,4,4.0,1.0,3,4,0.0,0,0,0,0
Steven Terrell,KC,CB,10,6.0,3.0,1,4,0.0,0,0,1,0
Stephen Paea,DAL,DT,4,4.0,3.0,1,4,0.0,0,0,0,0
Blidi Wreh-Wilson,ATL,CB,8,4.0,3.0,1,4,0.0,0,0,0,0
Jonathan Freeny,NO/NE,LB,3,4.0,3.0,1,4,0.0,0,0,0,0
Akeem Ayers,NYG,LB,6,3.0,2.0,1,3,0.0,0,0,0,0
Dwight Freeney,SEA/DET,DE,9,9.0,3.0,0,3,3.0,0,0,0,0
David King,TEN,DE,7,5.0,2.0,1,3,1.0,0,0,0,0
Steven Means,PHI,DE,6,5.0,3.0,0,3,1.0,0,0,0,0
Gerald Hodges,NO,LB,11,3.0,3.0,0,3,0.0,0,0,0,0
Howard Jones,CHI,LB,4,5.0,2.0,1,3,1.0,0,0,0,0
Antone Exum,SF,S,2,3.0,2.0,1,3,0.0,0,0,0,0
Joey Mbu,IND,DT,7,3.0,2.0,1,3,0.0,0,0,0,0
Christian Ringo,DET,DT,6,3.0,2.0,1,3,0.0,0,0,0,0
Justin Hamilton,PHI/KC,DT,4,4.0,1.0,2,3,0.5,0,0,0,0
Mark Nzeocha,SF,LB,10,3.0,2.0,1,3,0.0,0,0,0,0
Jaylen Hill,BAL,CB,6,3.0,2.0,1,3,0.0,0,0,0,0
Gimel President,HOU,LB,4,3.0,1.0,2,3,0.0,0,0,0,0
Stefan McClure,WAS,S,7,3.0,2.0,1,3,0.0,0,0,0,0
Lorenzo Jerome,SF,S,4,3.0,2.0,1,3,0.0,0,0,0,0
LaTroy Lewis,HOU,LB,2,5.0,3.0,0,3,1.0,0,0,0,0
Brendan Langley,DEN,WR,11,3.0,3.0,0,3,0.0,0,0,0,0
Romeo Okwara,NYG,DE,6,3.0,1.0,2,3,0.0,0,0,0,0
Tyrone Holmes,CLE,LB,4,3.0,1.0,2,3,0.0,0,0,0,0
D.J. White,IND,CB,2,3.0,3.0,0,3,0.0,0,0,0,0
Charles Tapper,DAL,DE,2,5.0,2.0,1,3,1.0,0,0,0,0
Lawrence Thomas,NYJ,FB,14,2.0,1.0,1,2,0.0,0,0,0,0
Brandon Williams,ARI,CB,16,2.0,0.0,2,2,0.0,0,0,0,0
Jihad Ward,OAK,LB,5,4.0,1.0,1,2,1.0,0,0,0,0
Sharrod Neasman,ATL,S,11,2.0,2.0,0,2,0.0,0,0,0,0
Deon King,CLE,LB,9,2.0,1.0,1,2,0.0,0,0,0,0
Brian Allen,PIT,CB,10,2.0,0.0,2,2,0.0,0,0,0,0
Riley Bullough,TB,LB,3,2.0,1.0,1,2,0.0,0,0,0,0
Claude Pelon,NYJ,DE,1,2.0,1.0,1,2,0.0,0,0,0,0
Montravius Adams,GB,DE,7,2.0,1.0,1,2,0.0,0,0,0,0
Reggie Gilbert,GB,LB,2,4.0,2.0,0,2,1.0,0,0,0,0
Sidney Jones,PHI,CB,1,2.0,2.0,0,2,0.0,0,0,0,0
Chunky Clements,HOU,DT,2,3.0,1.0,1,2,0.5,0,0,0,0
Greg Mabin,BUF/SF,CB,7,2.0,1.0,1,2,0.0,0,0,0,0
Torry McTyer,MIA,CB,7,2.0,1.0,1,2,0.0,0,0,0,0
Jerrol Garcia-Williams,DEN,LB,11,2.0,2.0,0,2,0.0,0,0,0,0
Ben Heeney,HOU,LB,5,2.0,0.0,2,2,0.0,0,0,0,0
Obum Gwacham,NYJ,DE,5,2.0,0.0,2,2,0.0,0,0,0,0
Geneo Grissom,NE,DE,8,2.0,2.0,0,2,0.0,0,0,0,0
Anthony Johnson,IND,DT,4,2.0,0.0,2,2,0.0,0,0,0,0
Bene' Benwikere,DAL,CB,12,4.0,2.0,0,2,0.0,0,1,0,0
Darryl Tapp,TB,DE,3,4.0,2.0,0,2,1.0,0,0,0,0
Cliff Avril,SEA,DE,4,4.0,2.0,0,2,1.0,0,0,0,0
LaVar Edwards,CLE,DE,3,2.0,0.0,2,2,0.0,0,0,0,0
Asa Jackson,SF,CB,4,1.0,1.0,0,1,0.0,0,0,0,0
Ben Garland,ATL,OG,16,1.0,1.0,0,1,0.0,0,0,0,0
Jacquies Smith,DET/TB,DE,3,1.0,1.0,0,1,0.0,0,0,0,0
Tamba Hali,KC,LB,5,1.0,1.0,0,1,0.0,0,0,0,0
Cam Thomas,KC,DE,1,1.0,1.0,0,1,0.0,0,0,0,0
Sean Weatherspoon,ATL,LB,2,1.0,1.0,0,1,0.0,0,0,0,0
Ed Stinson,NYJ,DE,4,1.0,0.0,1,1,0.0,0,0,0,0
Daniel McCullers,PIT,DT,5,1.0,1.0,0,1,0.0,0,0,0,0
Kasim Edebali,DEN/DET,DE,13,1.0,0.0,1,1,0.0,0,0,0,0
Jason Verrett,LAC,CB,1,1.0,1.0,0,1,0.0,0,0,0,0
Devin Taylor,NYG,DE,2,1.0,0.0,1,1,0.0,0,0,0,0
Marcus Burley,HOU,CB,5,1.0,1.0,0,1,0.0,0,0,0,0
Michael Bennett,JAX,DT,1,1.0,1.0,0,1,0.0,0,0,0,0
Gabe Wright,MIA,DT,1,1.0,1.0,0,1,0.0,0,0,0,0
Dewey McDonald,SEA,LB,3,1.0,1.0,0,1,0.0,0,0,0,0
Neal Sterling,NYJ,TE,11,1.0,1.0,0,1,0.0,0,0,0,0
David Parry,NO,DT,1,1.0,0.0,1,1,0.0,0,0,0,0
T.Y. McGill,CLE,DT,3,1.0,1.0,0,1,0.0,0,0,0,0
Neville Hewitt,MIA,LB,6,1.0,1.0,0,1,0.0,0,0,0,0
Tyrique Jarrett,DEN,DT,1,1.0,0.0,1,1,0.0,0,0,0,0
Brandon Banks,WAS,DE,1,1.0,1.0,0,1,0.0,0,0,0,0
Fish Smithson,WAS,S,2,1.0,0.0,1,1,0.0,0,0,0,0
Rickey Hatley,BUF,DT,1,1.0,1.0,0,1,0.0,0,0,0,0
Tashawn Bower,MIN,LB,2,3.0,1.0,0,1,1.0,0,0,0,0
Harvey Langi,NE,LB,1,1.0,1.0,0,1,0.0,0,0,0,0
Jaleel Johnson,MIN,DT,5,1.0,0.0,1,1,0.0,0,0,0,0
Al-Quadin Muhammad,NO,DE,4,1.0,0.0,1,1,0.0,0,0,0,0
Elijah McGuire,NYJ,RB,16,1.0,1.0,0,1,0.0,0,0,0,0
C.J. Smith,CLE,CB,3,1.0,1.0,0,1,0.0,0,0,0,0
Aaron Wallace,TEN,LB,2,1.0,1.0,0,1,0.0,0,0,0,0
Alex Redmond,CIN,OG,5,1.0,1.0,0,1,0.0,0,0,0,0
Joshua Perry,IND,LB,2,0.0,0.0,0,0,0.0,0,0,0,0
Kalan Reed,TEN,CB,3,0.0,0.0,0,0,0.0,0,0,0,0
Bryson Albright,ARI,LB,7,0.0,0.0,0,0,0.0,0,0,0,0
Rodney Coe,SEA,DT,1,0.0,0.0,0,0,0.0,0,0,0,0
Deiondre' Hall,CHI,S,2,0.0,0.0,0,0,0.0,0,0,0,0
Josh Forrest,SEA,LB,2,0.0,0.0,0,0,0.0,0,0,0,0
Taniela Tupou,ATL,DT,1,0.0,0.0,0,0,0.0,0,0,0,0
Mitchell Loewen,NO,DE,2,0.0,0.0,0,0,0.0,0,0,0,0
Lucas Patrick,GB,OG,12,0.0,0.0,0,0,0.0,0,0,0,0
Channing Ward,TB,DT,1,0.0,0.0,0,0,0.0,0,0,0,0
Michael Hunter,NYG,CB,4,0.0,0.0,0,0,0.0,0,0,0,0
Garrett Sickels,LAR,LB,1,0.0,0.0,0,0,0.0,0,0,0,0
Ejuan Price,LAR,LB,1,0.0,0.0,0,0,0.0,0,0,0,0
Carroll Phillips,JAX,LB,4,0.0,0.0,0,0,0.0,0,0,0,0
Daeshon Hall,CAR,DE,1,0.0,0.0,0,0,0.0,0,0,0,0
Jalen Myrick,JAX,CB,5,0.0,0.0,0,0,0.0,0,0,0,0
Rashaad Coward,CHI,OT,1,0.0,0.0,0,0,0.0,0,0,0,0
Donatello Brown,GB,CB,4,0.0,0.0,0,0,0.0,0,0,0,0
Bam Bradley,BAL,LB,2,0.0,0.0,0,0,0.0,0,0,0,0
Derrick Jones,NYJ,CB,3,0.0,0.0,0,0,0.0,0,0,0,0
Patrick O'Connor,TB,LB,3,0.0,0.0,0,0,0.0,0,0,0,0
Xavier Coleman,NYJ,CB,2,0.0,0.0,0,0,0.0,0,0,0,0
Jeremy Clark,NYJ,CB,1,0.0,0.0,0,0,0.0,0,0,0,0
JoJo Natson,NYJ,WR,7,0.0,0.0,0,0,0.0,0,0,0,0
Josh Tupou,CIN,DT,1,0.0,0.0,0,0,0.0,0,0,0,0
Reggie Porter,CLE,CB,3,0.0,0.0,0,0,0.0,0,0,0,0
Jesse Davis,MIA,OT,16,0.0,0.0,0,0,0.0,0,0,0,0
Ladarius Gunter,GB,CB,1,0.0,0.0,0,0,0.0,0,0,0,0
Craig Mager,LAC,CB,2,0.0,0.0,0,0,0.0,0,0,0,0
Lorenzo Doss,DEN,CB,3,0.0,0.0,0,0,0.0,0,0,0,0
Caraun Reid,DET,DT,1,0.0,0.0,0,0,0.0,0,0,0,0
Arthur Jones,WAS,DT,1,0.0,0.0,0,0,0.0,0,0,0,0
Bryan Braman,PHI,LB,3,0.0,0.0,0,0,0.0,0,0,0,0