,,,,Receiving,,,Air Yards (AY) / Depth of Target ,,,,,,Team %,,After Catch,,,PASS Int(PI),
Name,Team,Pos,G,TAR,REC,YDS,AY,aDOT,AY/Snap,Cmp AY,Catch %,Drop %,AY,TAR,YDS,AVG,%,Drawn,On
Julio Jones,ATL,WR,16,170,113,1677,2333,13.7,2.9,1215,66.5,4.1,46.6,28.2,468,4.1,27.9,3,0
DeAndre Hopkins,HOU,WR,16,163,115,1572,1868,11.5,1.7,1184,70.6,1.2,44.4,33.1,396,3.4,25.2,3,1
Mike Evans,TB,WR,16,138,86,1524,2187,15.7,2.3,1222,61.9,5.0,33.9,22.6,302,3.5,19.8,4,2
Tyreek Hill,KC,WR,16,137,87,1479,2027,14.8,2.2,935,63.5,6.6,40.6,24.3,544,6.3,36.8,0,0
JuJu Smith-Schuster,PIT,WR,16,166,111,1426,1445,8.7,1.5,750,66.9,3.0,28.7,24.6,643,5.8,45.1,3,0
Michael Thomas,NO,WR,16,147,125,1405,1135,7.7,1.2,906,85.0,2.0,31.3,28.8,499,4.0,35.5,9,2
Davante Adams,GB,WR,15,169,111,1386,1828,10.9,1.9,897,66.1,3.0,34.6,27.4,489,4.4,35.3,2,2
George Kittle,SF,TE,16,136,88,1377,982,7.3,1.1,506,65.7,3.0,25.7,26.2,871,9.9,63.3,3,3
Adam Thielen,MIN,WR,16,153,113,1373,1418,9.2,1.4,943,73.4,1.3,33.5,25.9,430,3.8,31.3,1,1
Travis Kelce,KC,TE,16,150,103,1336,1308,8.8,1.3,757,69.1,4.0,26.2,26.5,590,5.7,44.2,2,1
Antonio Brown,PIT,WR,15,168,104,1297,1848,10.9,1.8,792,61.5,1.2,36.7,25.0,520,5.0,40.1,2,1
T.Y. Hilton,IND,WR,14,120,76,1270,1341,11.2,1.8,815,63.3,3.3,27.6,18.9,455,6.0,35.8,6,4
Robert Woods,LAR,WR,16,130,86,1219,1489,11.4,1.4,783,65.6,2.3,31.9,24.1,436,5.1,35.8,4,0
Brandin Cooks,LAR,WR,16,117,80,1204,1502,12.7,1.5,853,67.8,0.8,32.1,21.7,352,4.4,29.2,3,1
Keenan Allen,LAC,WR,16,136,97,1196,1164,8.6,1.5,785,71.3,3.7,29.3,27.0,411,4.2,34.4,2,1
Zach Ertz,PHI,TE,16,156,116,1163,1118,7.2,1.1,785,74.4,3.8,25.6,26.4,373,3.2,32.1,2,0
Kenny Golladay,DET,WR,15,119,70,1063,1392,11.9,1.5,699,59.8,4.3,37.5,21.0,363,5.2,34.1,6,1
Odell Beckham,NYG,WR,12,124,77,1052,1364,11.1,1.9,721,62.6,2.4,32.9,21.5,341,4.4,32.4,6,1
Tyler Boyd,CIN,WR,14,108,76,1028,1017,9.6,1.3,610,71.7,5.7,23.8,20.2,418,5.5,40.7,0,0
Stefon Diggs,MIN,WR,15,149,102,1021,1318,8.8,1.5,591,68.5,2.7,31.1,25.1,430,4.2,42.1,2,0
Jarvis Landry,CLE,WR,16,149,81,976,1610,10.9,1.7,688,54.7,4.1,31.2,26.4,290,3.6,29.7,1,1
Tyler Lockett,SEA,WR,16,70,57,965,930,13.3,1.0,749,81.4,0.0,26.1,17.5,216,3.8,22.4,6,0
Jared Cook,OAK,TE,16,101,68,896,0,0.0,0.0,0,0.0,0.0,0.0,0.0,0,0.0,0.0,0,0
Corey Davis,TEN,WR,16,112,65,891,1130,10.2,1.3,608,58.6,5.4,36.7,26.2,283,4.4,31.8,6,0
Sterling Shepard,NYG,WR,16,107,66,872,1085,10.1,1.2,552,61.7,6.5,26.2,18.7,320,4.8,36.7,1,0
Emmanuel Sanders,DEN,WR,12,98,71,868,905,9.2,1.4,567,72.4,5.1,21.4,17.4,309,4.4,35.6,0,1
Christian McCaffrey,CAR,RB,16,124,107,867,82,0.7,0.1,-5,86.3,0.0,2.1,22.8,872,8.1,100.6,0,1
Julian Edelman,NE,WR,12,108,74,850,831,7.8,1.1,491,69.2,7.5,19.7,19.3,359,4.9,42.2,0,2
Alshon Jeffery,PHI,WR,13,92,65,843,978,10.6,1.3,555,70.7,4.3,22.4,15.5,296,4.6,35.1,4,1
Chris Godwin,TB,WR,16,95,59,842,1084,11.5,1.5,584,62.8,2.1,16.8,15.3,258,4.4,30.6,2,0
Mohamed Sanu,ATL,WR,16,94,66,838,728,7.7,0.9,427,70.2,3.2,14.5,15.6,411,6.2,49.0,3,2
Calvin Ridley,ATL,WR,16,92,64,821,882,9.6,1.4,436,69.6,9.8,17.6,15.3,389,6.1,47.4,2,0
Adam Humphries,TB,WR,16,105,76,816,631,6.1,0.8,380,73.1,2.9,9.8,16.9,443,5.8,54.3,0,3
D.J. Moore,CAR,WR,16,82,55,788,731,8.9,1.0,362,67.1,1.2,18.3,15.1,426,7.7,54.1,4,0
DeSean Jackson,TB,WR,12,74,41,774,1376,18.6,3.0,595,55.4,2.7,21.3,12.0,179,4.4,23.1,3,0
Allen Robinson,CHI,WR,13,94,55,754,1088,11.7,1.4,514,59.1,3.2,25.0,18.1,240,4.4,31.8,8,1
Robby Anderson,NYJ,WR,14,94,50,752,1447,15.6,2.1,567,53.8,1.1,32.7,18.4,185,3.7,24.6,0,0
James White,NE,RB,16,123,87,751,258,2.1,0.4,62,70.2,3.2,6.1,22.4,724,8.3,96.4,0,0
Eric Ebron,IND,TE,16,110,66,750,1077,9.8,1.7,505,60.0,7.3,22.2,17.4,245,3.7,32.7,0,0
Jordy Nelson,OAK,WR,15,88,63,739,0,0.0,0.0,0,0.0,0.0,0.0,0.0,0,0.0,0.0,0,0
Nelson Agholor,PHI,WR,16,97,64,736,995,10.3,1.0,384,66.0,4.1,22.8,16.4,374,5.8,50.8,0,1
Larry Fitzgerald,ARI,WR,16,112,69,734,1033,9.3,1.2,524,62.2,3.6,27.2,23.5,210,3.0,28.6,1,0
Amari Cooper,DAL,WR,9,76,53,725,718,9.4,1.4,405,69.7,3.9,18.8,14.7,330,6.2,45.5,2,1
Tarik Cohen,CHI,RB,16,91,71,725,329,3.6,0.6,195,78.0,1.1,7.6,17.7,530,7.5,73.1,0,2
Saquon Barkley,NYG,RB,16,121,91,721,-24,-0.2,0.0,-75,75.2,5.8,-0.6,21.1,796,8.7,110.4,1,0
Josh Gordon,NE,WR,11,69,40,720,864,12.7,1.5,443,58.8,8.8,20.5,12.3,277,6.9,38.5,3,0
Dede Westbrook,JAX,WR,16,101,66,717,828,8.3,1.0,357,66.0,8.0,23.0,19.2,369,5.6,51.5,0,1
John Brown,BAL,WR,16,97,42,715,1473,15.7,1.9,561,44.7,6.4,31.8,17.6,163,3.9,22.8,3,0
Alvin Kamara,NO,RB,15,105,81,709,179,1.7,0.3,62,77.1,3.8,4.9,20.5,647,8.0,91.3,2,0
Courtland Sutton,DEN,WR,16,84,42,704,1187,14.1,1.4,542,50.0,10.7,28.0,14.9,162,3.9,23.0,4,2
A.J. Green,CIN,WR,9,77,46,694,952,12.4,2.1,527,59.7,5.2,22.3,14.7,167,3.6,24.1,2,0
Taylor Gabriel,CHI,WR,16,93,67,688,1018,10.9,1.2,459,72.0,2.2,23.4,18.1,229,3.4,33.3,3,0
Rob Gronkowski,NE,TE,13,72,47,682,859,11.9,1.0,482,65.3,4.2,20.4,13.0,200,4.3,29.3,2,0
Cole Beasley,DAL,WR,16,87,65,672,618,7.1,0.9,444,74.7,2.3,16.2,16.9,228,3.5,33.9,1,1
Donte Moncrief,JAX,WR,16,89,48,668,1124,12.6,1.4,437,53.9,4.5,31.2,17.1,239,5.0,35.8,0,0
Mike Williams,LAC,WR,16,66,43,664,957,14.5,1.5,548,65.2,3.0,24.1,13.1,116,2.7,17.5,1,0
Austin Hooper,ATL,TE,16,88,71,660,578,6.6,0.7,414,80.7,1.1,11.5,14.6,246,3.5,37.3,1,0
Tyrell Williams,LAC,WR,16,65,41,653,803,12.4,1.1,456,63.1,4.6,20.2,12.9,197,4.8,30.2,0,0
Zay Jones,BUF,WR,16,102,56,652,1240,12.2,1.3,514,54.9,4.9,26.3,21.3,138,2.5,21.2,2,0
Willie Snead,BAL,WR,16,95,62,651,841,8.9,1.0,361,65.3,5.3,18.2,17.8,290,4.7,44.5,2,4
David Njoku,CLE,TE,16,88,56,639,751,8.4,0.9,322,62.9,6.7,14.5,15.9,317,5.7,49.6,1,0
Jimmy Graham,GB,TE,16,89,55,636,748,8.4,1.0,365,61.8,4.5,14.2,14.5,271,4.9,42.6,1,0
Kyle Rudolph,MIN,TE,16,82,64,634,502,6.1,0.5,379,78.0,1.2,11.8,13.8,255,4.0,40.2,2,0
Doug Baldwin,SEA,WR,13,73,50,618,815,11.2,1.1,452,68.5,1.4,22.9,18.2,166,3.3,26.9,3,1
Vance McDonald,PIT,TE,15,72,50,610,339,4.7,0.6,208,69.4,2.8,6.7,10.7,401,8.0,65.7,0,0
Michael Crabtree,BAL,WR,16,100,54,607,1074,10.8,1.3,475,54.5,10.1,23.2,18.5,132,2.4,21.7,4,2
Jalen Richard,OAK,RB,16,81,68,607,0,0.0,0.0,0,0.0,0.0,0.0,0.0,0,0.0,0.0,0,0
Christian Kirk,ARI,WR,12,68,43,590,632,9.3,1.2,359,63.2,4.4,16.6,14.4,231,5.4,39.2,1,1
Antonio Callaway,CLE,WR,16,79,43,586,1057,13.2,1.4,335,53.8,6.3,20.5,14.3,251,5.8,42.8,3,0
Marquez Valdes-Scantling,GB,WR,16,73,38,581,945,12.8,1.3,363,51.4,5.4,17.9,12.1,218,5.7,37.5,4,0
Todd Gurley,LAR,RB,14,81,59,580,23,0.3,0.0,-17,74.7,6.3,0.5,14.5,617,10.5,106.4,0,0
Evan Engram,NYG,TE,11,64,45,577,319,5.0,0.7,179,70.3,3.1,7.7,11.2,398,8.8,69.0,1,1
Danny Amendola,MIA,WR,15,79,59,575,553,7.1,0.8,338,75.6,1.3,16.0,18.1,237,4.0,41.2,0,0
Rashard Higgins,CLE,WR,13,53,39,572,578,10.5,1.2,412,70.9,5.5,11.2,9.8,160,4.1,28.0,0,1
Trey Burton,CHI,TE,16,76,54,569,590,7.9,0.7,371,72.0,4.0,13.6,14.6,200,3.7,35.1,0,2
Ezekiel Elliott,DAL,RB,15,95,77,567,14,0.1,0.0,-25,81.1,4.2,0.4,18.4,592,7.7,104.4,0,0
Cooper Kupp,LAR,WR,8,55,40,566,447,8.3,1.0,263,74.1,3.7,9.6,9.9,303,7.6,53.5,0,0
O.J. Howard,TB,TE,10,48,34,565,521,11.1,1.2,336,72.3,4.3,8.1,7.6,229,6.7,40.5,0,1
Jordan Reed,WAS,TE,13,84,54,558,553,6.6,1.1,315,64.3,2.4,13.6,17.3,239,4.4,42.8,0,1
Kenny Stills,MIA,WR,15,64,37,553,1011,15.8,1.4,422,57.8,4.7,29.3,14.8,131,3.5,23.7,1,0
Mark Andrews,BAL,TE,16,50,34,552,529,10.6,1.3,350,68.0,6.0,11.4,9.3,202,5.9,36.6,3,0
Devin Funchess,CAR,WR,14,79,44,549,978,12.4,1.6,467,55.7,8.9,24.5,14.5,82,1.9,14.9,0,0
Robert Foster,BUF,WR,13,44,27,541,943,21.0,2.1,366,60.0,2.2,20.0,9.4,175,6.5,32.3,2,0
Josh Doctson,WAS,WR,15,78,44,532,1129,14.3,1.3,395,55.7,3.8,27.8,16.3,137,3.1,25.8,3,0
Chris Hogan,NE,WR,16,54,35,532,599,11.5,0.7,335,67.3,3.8,14.2,9.4,197,5.6,37.0,4,1
Sammy Watkins,KC,WR,10,55,40,519,466,8.5,1.0,276,72.7,1.8,9.3,9.8,243,6.1,46.8,3,0
Golden Tate,DET,WR,7,69,44,517,411,6.1,1.1,238,65.7,9.0,11.1,12.1,276,6.3,53.4,0,0
Marvin Jones,DET,WR,9,62,35,508,891,14.6,1.7,402,57.4,1.6,24.0,11.0,106,3.0,20.9,5,2
Michael Gallup,DAL,WR,16,68,33,507,939,13.8,1.3,328,48.5,1.5,24.6,13.2,179,5.4,35.3,3,0
Will Fuller,HOU,WR,7,45,32,503,637,14.2,1.7,332,71.1,0.0,15.1,9.1,171,5.3,34.0,2,1
Chris Herndon,NYJ,TE,16,56,39,502,559,10.0,0.9,310,69.6,5.4,12.6,11.1,191,4.9,38.0,0,0
James Conner,PIT,RB,13,71,55,497,-50,-0.7,-0.1,-68,77.5,5.6,-1.0,10.5,565,10.3,113.7,1,0
Curtis Samuel,CAR,WR,13,65,39,494,762,11.7,1.6,377,60.0,6.2,19.1,11.9,117,3.0,23.7,2,0
Seth Roberts,OAK,WR,15,64,45,494,0,0.0,0.0,0,0.0,0.0,0.0,0.0,0,0.0,0.0,0,0
Keelan Cole,JAX,WR,16,70,38,491,690,9.9,1.0,349,54.3,11.4,19.2,13.4,142,3.7,28.9,1,0
Melvin Gordon,LAC,RB,12,66,50,490,-4,-0.1,0.0,-44,78.1,10.9,-0.1,12.7,534,10.7,109.0,0,0
T.J. Yeldon,JAX,RB,14,78,55,487,50,0.7,0.1,43,72.4,10.5,1.4,14.6,445,8.1,91.4,0,0
Kendrick Bourne,SF,WR,16,67,42,487,588,8.9,1.0,333,63.6,6.1,15.4,12.9,155,3.7,31.8,1,0
Chester Rogers,IND,WR,16,72,53,485,465,6.5,0.8,227,73.6,5.6,9.6,11.4,265,5.0,54.6,1,0
Kenyan Drake,MIA,RB,16,73,53,477,160,2.3,0.3,62,74.6,7.0,4.6,16.5,379,7.2,79.5,1,0
Dante Pettis,SF,WR,12,45,27,467,521,11.6,1.2,264,60.0,2.2,13.7,8.8,203,7.5,43.5,3,0
Taywan Taylor,TEN,WR,13,56,37,466,711,12.9,1.6,292,67.3,9.1,23.1,13.0,174,4.7,37.3,0,0
Quincy Enunwa,NYJ,WR,11,68,38,449,484,7.1,0.9,166,55.9,4.4,10.9,13.5,281,7.4,62.6,1,0
Jarius Wright,CAR,WR,16,59,43,447,333,5.6,0.6,242,72.9,3.4,8.4,10.8,205,4.8,45.9,0,0
David Johnson,ARI,RB,16,76,50,446,25,0.3,0.0,41,64.9,10.4,0.7,16.3,402,8.0,90.1,0,0
David Moore,SEA,WR,16,53,26,445,805,15.5,1.3,349,50.0,1.9,22.6,13.0,89,3.4,20.0,0,0
C.J. Uzomah,CIN,TE,16,64,43,439,465,7.3,0.6,238,67.2,6.3,10.9,12.2,201,4.7,45.8,1,0
Duke Johnson,CLE,RB,16,62,47,429,134,2.2,0.3,37,75.8,4.8,2.6,11.1,417,8.9,97.2,1,0
Tre'Quan Smith,NO,WR,15,44,28,427,470,11.5,0.8,310,68.3,4.9,13.0,8.0,117,4.2,27.4,0,0
Nyheim Hines,IND,RB,16,81,63,425,186,2.3,0.4,82,77.8,2.5,3.8,12.8,343,5.4,80.7,0,1
Anthony Miller,CHI,WR,15,54,33,423,578,10.7,1.0,244,61.1,7.4,13.3,10.5,179,5.4,42.3,1,1
Jesse James,PIT,TE,16,39,30,423,289,7.4,0.5,233,76.9,5.1,5.7,5.8,190,6.3,44.9,1,0
Austin Ekeler,LAC,RB,14,53,39,404,42,0.8,0.1,-2,73.6,3.8,1.1,10.5,406,10.4,100.5,0,0
Josh Reynolds,LAR,WR,16,53,29,402,648,12.2,1.1,265,54.7,3.8,13.9,9.7,137,4.7,34.1,0,0
Demaryius Thomas,DEN,WR,8,56,36,402,585,10.4,1.4,263,64.3,10.7,13.8,9.9,139,3.9,34.6,2,0
Dion Lewis,TEN,RB,16,67,59,400,-100,-1.5,-0.2,-99,86.8,5.9,-3.2,16.0,499,8.5,124.8,0,0
Ben Watson,NO,TE,16,46,35,400,447,9.5,0.9,298,74.5,6.4,12.3,9.2,102,2.9,25.5,1,0
Marquise Goodwin,SF,WR,11,44,23,395,616,14.0,1.4,263,52.3,4.5,16.1,8.6,132,5.7,33.4,0,0
Albert Wilson,MIA,WR,7,35,26,391,236,6.7,1.0,51,74.3,2.9,6.8,8.1,340,13.1,87.0,0,2
Jamison Crowder,WAS,WR,9,49,29,388,463,9.4,1.1,177,59.2,4.1,11.4,10.1,211,7.3,54.4,1,0
Theo Riddick,DET,RB,14,74,61,384,41,0.5,0.1,-28,80.3,7.9,1.1,13.7,419,6.9,109.1,0,0
Randall Cobb,GB,WR,9,61,38,383,468,7.7,1.0,143,62.3,6.6,8.9,10.0,240,6.3,62.7,1,0
Kareem Hunt,KC,RB,11,35,26,378,46,1.3,0.1,25,72.2,11.1,0.9,6.4,353,13.6,93.4,0,0
Jermaine Kearse,NYJ,WR,14,76,37,371,709,9.3,1.1,239,48.7,2.6,16.0,15.0,132,3.6,35.6,0,0
Vernon Davis,WAS,TE,14,36,25,367,410,11.4,0.9,190,69.4,5.6,10.1,7.4,177,7.1,48.2,0,1
Kelvin Benjamin,BUF,WR,12,62,23,354,983,15.9,1.9,288,37.1,6.5,20.9,12.9,66,2.9,18.6,3,2
Ricky Seals-Jones,ARI,TE,15,69,34,343,683,9.8,1.3,247,48.6,7.1,18.0,14.8,96,2.8,28.0,0,0
Breshad Perriman,CLE,WR,10,25,16,340,445,17.8,2.0,258,64.0,0.0,8.6,4.5,82,5.1,24.1,0,0
Chris Conley,KC,WR,16,52,32,334,419,8.2,0.5,198,62.7,9.8,8.4,9.1,136,4.3,40.7,2,1
Ryan Grant,IND,WR,14,52,35,334,472,9.1,0.8,240,67.3,5.8,9.7,8.2,94,2.7,28.1,1,1
Dallas Goedert,PHI,TE,16,44,33,334,321,7.3,0.6,148,75.0,2.3,7.4,7.4,186,5.6,55.7,1,1
Ian Thomas,CAR,TE,16,49,36,333,300,6.1,0.6,175,73.5,8.2,7.5,9.0,158,4.4,47.4,0,0
Antonio Gates,LAC,TE,16,45,28,333,369,8.2,1.0,206,62.2,0.0,9.3,8.9,127,4.5,38.1,0,0
Equanimeous St. Brown,GB,WR,12,36,21,328,500,13.9,1.4,209,58.3,5.6,9.5,5.9,119,5.7,36.3,1,0
Kyle Juszczyk,SF,FB,16,41,30,324,181,4.5,0.3,140,75.0,5.0,4.7,7.8,184,6.1,56.8,1,0
Gerald Everett,LAR,TE,16,50,33,320,308,6.0,0.8,174,64.7,0.0,6.6,9.4,146,4.4,45.6,0,1
Tajae Sharpe,TEN,WR,16,47,26,316,496,10.6,0.8,232,55.3,2.1,16.1,11.1,84,3.2,26.6,1,0
Tim Patrick,DEN,WR,16,41,23,315,434,10.6,1.1,204,56.1,7.3,10.3,7.3,117,5.1,37.1,0,1
DeVante Parker,MIA,WR,11,47,24,309,589,12.5,1.4,225,51.1,2.1,17.1,10.9,97,4.0,31.4,0,2
Blake Jarwin,DAL,TE,16,36,27,307,286,7.9,0.7,190,75.0,5.6,7.5,7.0,117,4.3,38.1,0,0
Dalvin Cook,MIN,RB,11,49,40,305,-101,-2.1,-0.2,-80,81.6,8.2,-2.4,8.2,401,10.0,131.5,0,0
Ryan Griffin,HOU,TE,14,43,24,305,318,7.4,0.4,150,55.8,9.3,7.6,8.7,155,6.5,50.8,1,0
Jacquizz Rodgers,TB,RB,16,45,38,304,71,1.6,0.2,60,84.4,0.0,1.1,7.3,244,6.4,80.3,0,0
Dontrelle Inman,IND,WR,9,39,28,304,405,10.4,1.1,248,71.8,5.1,8.3,6.2,56,2.0,18.4,2,0
Maurice Harris,WAS,WR,12,47,28,304,469,10.0,1.0,207,59.6,6.4,11.5,9.7,97,3.5,31.9,0,0
Geronimo Allison,GB,WR,5,30,20,303,373,12.4,1.6,189,66.7,10.0,7.1,4.9,114,5.7,37.6,0,0
Laquon Treadwell,MIN,WR,15,53,35,302,307,5.8,0.6,178,66.0,11.3,7.2,8.9,124,3.5,41.1,2,0
Jordan Matthews,PHI,WR,14,28,20,300,287,9.9,0.8,210,69.0,3.4,6.6,4.9,90,4.5,30.0,1,1
Joe Mixon,CIN,RB,14,55,43,296,-7,-0.1,0.0,-40,78.2,7.3,-0.2,10.5,336,7.8,113.5,0,0
Allen Hurns,DAL,WR,16,35,20,295,444,12.7,1.0,212,57.1,2.9,11.6,6.8,81,4.1,27.5,0,0
Tyler Higbee,LAR,TE,16,34,24,292,214,6.5,0.3,153,72.7,3.0,4.6,6.1,134,5.6,45.9,0,0
Greg Olsen,CAR,TE,9,38,27,291,317,8.3,0.7,195,71.1,5.3,8.0,7.0,96,3.6,33.0,1,0
Phillip Dorsett,NE,WR,16,42,32,290,447,10.6,1.1,192,76.2,2.4,10.6,7.6,98,3.1,33.8,0,0
Cameron Brate,TB,TE,16,49,30,289,409,8.3,0.8,234,61.2,10.2,6.3,8.0,55,1.8,19.0,1,2
Demarcus Robinson,KC,WR,16,33,22,288,386,11.7,0.9,172,66.7,3.0,7.7,5.9,116,5.3,40.3,0,0
Keke Coutee,HOU,WR,6,41,28,287,209,5.1,0.8,78,68.3,7.3,5.0,8.3,209,7.5,72.8,0,0
Pierre Garcon,SF,WR,8,46,24,286,386,8.6,1.0,178,53.3,6.7,10.1,8.8,108,4.5,37.8,0,0
Jeff Heuerman,DEN,TE,11,48,31,281,270,5.5,0.5,148,63.3,6.1,6.4,8.7,133,4.3,47.3,0,1
Amari Cooper,OAK,WR,6,31,22,280,0,0.0,0.0,0,0.0,0.0,0.0,0.0,0,0.0,0.0,0,0
Golden Tate,PHI,WR,8,44,30,278,301,6.8,1.3,122,68.2,4.5,6.9,7.4,147,4.9,52.9,0,1
Tevin Coleman,ATL,RB,16,44,32,276,12,0.3,0.0,-9,72.7,6.8,0.2,7.3,285,8.9,103.3,0,0
Demaryius Thomas,HOU,WR,7,33,23,275,307,9.6,0.9,129,71.9,0.0,7.3,6.5,146,6.3,53.1,0,0
Devontae Booker,DEN,RB,16,51,38,275,73,1.4,0.2,35,74.5,2.0,1.7,9.1,242,6.4,88.0,0,1
Rhett Ellison,NYG,TE,14,34,25,272,204,5.8,0.4,135,71.4,8.6,4.9,6.1,137,5.5,50.4,0,0
Nick Vannett,SEA,TE,15,43,29,269,260,6.0,0.5,124,67.4,2.3,7.3,10.7,145,5.0,53.9,1,0
Jakeem Grant,MIA,WR,10,34,21,268,273,8.0,1.0,122,61.8,5.9,7.9,7.9,146,7.0,54.5,1,0
Zach Pascal,IND,WR,16,46,27,268,432,9.4,0.8,185,58.7,4.3,8.9,7.3,83,3.1,31.0,0,0
Chris Thompson,WAS,RB,10,55,41,268,58,1.1,0.2,34,75.9,5.6,1.4,11.1,228,5.6,85.1,0,0
Martavis Bryant,OAK,WR,8,27,19,266,0,0.0,0.0,0,0.0,0.0,0.0,0.0,0,0.0,0.0,0,0
Levine Toilolo,DET,TE,16,24,21,263,170,7.1,0.3,146,87.5,0.0,4.6,4.3,117,5.6,44.5,0,0
Paul Richardson,WAS,WR,7,35,20,262,414,12.2,1.1,211,58.8,0.0,10.2,7.0,51,2.6,19.5,2,0
Matt Breida,SF,RB,14,31,27,261,73,2.4,0.2,27,87.1,0.0,1.9,6.1,241,8.9,92.3,0,0
Jason Croom,BUF,TE,15,35,22,259,241,7.1,0.6,120,64.7,2.9,5.1,7.1,140,6.4,54.1,0,0
Jonnu Smith,TEN,TE,13,31,20,258,148,4.9,0.2,72,66.7,10.0,4.8,7.1,186,9.3,72.1,0,0
Ryan Switzer,PIT,WR,16,44,36,253,148,3.4,0.5,117,81.8,2.3,2.9,6.5,136,3.8,53.8,1,1
Matt LaCosse,DEN,TE,15,37,24,250,198,5.4,0.5,101,64.9,5.4,4.7,6.6,149,6.2,59.6,0,0
Cordarrelle Patterson,NE,WR,15,28,21,247,165,5.9,0.7,78,75.0,3.6,3.9,5.1,169,8.0,68.4,0,0
Jack Doyle,IND,TE,6,33,26,245,168,5.1,0.5,127,78.8,0.0,3.5,5.2,120,4.6,49.0,0,0
DaeSean Hamilton,DEN,WR,14,46,30,243,375,8.3,0.8,170,66.7,2.2,8.9,8.0,73,2.4,30.0,1,0
Geoff Swaim,DAL,TE,9,32,26,242,126,4.1,0.2,82,83.9,0.0,3.3,6.0,160,6.2,66.1,0,0
Phillip Lindsay,DEN,RB,15,47,35,241,-49,-1.0,-0.1,-62,74.5,10.6,-1.2,8.3,311,8.9,129.0,0,1
LeSean McCoy,BUF,RB,14,46,34,238,-39,-0.8,-0.1,-56,73.9,2.2,-0.8,9.6,294,8.6,123.5,0,0
Terrelle Pryor,NYJ,WR,6,22,14,235,249,11.9,1.5,171,66.7,14.3,5.6,4.2,64,4.6,27.2,0,0
Aldrick Robinson,MIN,WR,14,35,17,231,599,17.1,2.4,192,48.6,2.9,14.1,5.9,39,2.3,16.9,3,0
Wendell Smallwood,PHI,RB,16,35,28,230,-4,-0.1,0.0,-8,82.4,8.8,-0.1,5.7,238,8.5,103.5,0,0
Jordan Akins,HOU,TE,16,25,17,225,157,6.3,0.4,101,68.0,0.0,3.7,5.1,124,7.3,55.1,0,0
Anthony Firkser,TEN,TE,12,20,19,225,127,6.3,0.7,122,95.0,0.0,4.1,4.7,103,5.4,45.8,0,0
Spencer Ware,KC,RB,13,23,20,224,-26,-1.2,-0.1,-33,90.9,9.1,-0.5,3.9,257,12.9,114.7,0,0
Giovani Bernard,CIN,RB,12,48,35,218,-12,-0.3,0.0,-20,76.1,4.3,-0.3,8.8,238,6.8,109.2,0,1
James Washington,PIT,WR,14,38,16,217,617,16.2,1.2,160,42.1,5.3,12.2,5.6,57,3.6,26.3,0,1
Jordan Thomas,HOU,TE,16,27,20,215,158,5.9,0.3,121,74.1,3.7,3.8,5.5,94,4.7,43.7,0,0
Trent Taylor,SF,WR,14,40,26,215,260,6.3,0.8,109,63.4,4.9,6.8,8.0,106,4.1,49.3,2,0
James O'Shaughnessy,JAX,TE,14,38,24,214,234,6.2,0.4,93,63.2,2.6,6.5,7.3,121,5.0,56.5,0,0
Mike Davis,SEA,RB,15,42,34,214,7,0.2,0.0,-21,79.1,7.0,0.2,10.7,235,6.9,109.8,0,0
Nick Boyle,BAL,TE,16,37,23,213,113,3.1,0.2,63,62.2,2.7,2.4,6.9,150,6.5,70.4,0,1
Kerryon Johnson,DET,RB,10,39,32,213,-21,-0.6,-0.1,-53,84.2,0.0,-0.6,6.8,266,8.3,124.9,0,0
Trent Sherfield,ARI,WR,13,28,19,210,297,10.6,0.9,169,67.9,3.6,7.8,5.9,41,2.2,19.5,1,0
Jamaal Williams,GB,RB,16,41,27,210,-3,-0.1,0.0,-16,69.2,0.0,-0.1,6.4,226,8.4,107.6,0,0
John Ross,CIN,WR,13,58,21,210,770,13.3,1.3,145,36.2,10.3,18.0,11.1,65,3.1,31.0,1,0
Virgil Green,LAC,TE,16,27,19,210,143,5.3,0.2,104,70.4,14.8,3.6,5.4,106,5.6,50.5,0,0
Ted Ginn,NO,WR,5,30,17,209,478,15.9,2.4,159,56.7,6.7,13.2,5.9,68,4.0,32.5,0,0
Keith Kirkwood,NO,WR,8,21,13,209,283,13.5,1.3,161,61.9,9.5,7.8,4.1,48,3.7,23.0,0,0
Adrian Peterson,WAS,RB,16,26,20,208,10,0.4,0.0,4,76.9,7.7,0.2,5.3,226,11.3,108.7,0,0
Aaron Jones,GB,RB,12,35,26,206,-1,0.0,0.0,-23,74.3,5.7,0.0,5.7,229,8.8,111.2,0,0
Chris Ivory,BUF,RB,13,21,13,205,-8,-0.4,0.0,0,61.9,19.0,-0.2,4.4,205,15.8,100.0,0,0
Mike Gesicki,MIA,TE,16,32,22,202,283,8.8,0.7,107,68.8,3.1,8.2,7.4,98,4.5,48.5,1,0
Jaylen Samuels,PIT,RB,14,29,26,199,-10,-0.3,0.0,-25,89.7,0.0,-0.2,4.3,224,8.6,112.6,0,0
Bennie Fowler,NYG,WR,10,27,16,199,249,9.6,0.7,118,61.5,3.8,6.0,4.5,81,5.1,40.7,0,0
Javorius Allen,BAL,RB,14,43,35,196,35,0.8,0.1,13,81.4,2.3,0.8,8.0,199,5.7,101.5,0,2
Chris Moore,BAL,WR,16,25,19,196,275,11.0,0.6,125,76.0,0.0,5.9,4.7,71,3.7,36.2,0,1
DeAndre Carter,HOU,WR,7,23,20,195,79,3.3,0.4,56,83.3,0.0,1.9,4.9,139,7.0,71.3,0,0
Elijah McGuire,NYJ,RB,8,31,19,193,144,4.6,0.5,24,61.3,6.5,3.3,6.1,169,8.9,87.6,0,0
Corey Clement,PHI,RB,11,25,22,192,-32,-1.3,-0.1,-75,88.0,0.0,-0.7,4.2,267,12.1,139.1,0,0
TJ Jones,DET,WR,15,26,19,190,247,9.5,0.5,146,73.1,0.0,6.7,4.7,44,2.3,23.2,0,1
Cody Latimer,NYG,WR,6,16,11,190,304,19.0,1.5,153,68.8,0.0,7.3,2.8,37,3.4,19.5,0,0
Torrey Smith,CAR,WR,11,31,17,190,432,13.9,1.3,141,54.8,3.2,10.8,5.7,49,2.9,25.8,1,0
Russell Shepard,NYG,WR,12,19,10,188,328,17.3,1.8,170,52.6,5.3,7.9,3.3,18,1.8,9.6,0,0
Travis Benjamin,LAC,WR,12,24,12,186,470,19.6,1.7,118,50.0,12.5,11.8,4.8,81,6.8,43.5,0,0
Josh Hill,NO,TE,16,24,16,185,79,3.3,0.1,13,66.7,8.3,2.2,4.7,172,10.8,93.0,0,0
Leonard Fournette,JAX,RB,8,26,22,185,-29,-1.1,-0.1,-36,84.6,3.8,-0.8,5.0,221,10.0,119.5,0,0
Charles Clay,BUF,TE,13,36,21,184,275,7.6,0.5,108,58.3,8.3,5.8,7.5,89,4.2,48.4,0,0
Tyler Eifert,CIN,TE,4,19,15,179,174,9.2,1.3,126,78.9,5.3,4.1,3.6,53,3.5,29.6,2,0
Isaiah McKenzie,BUF,WR,7,30,18,179,226,7.5,1.0,105,60.0,3.3,4.8,6.3,77,4.3,43.0,0,1
DJ Chark,JAX,WR,11,32,14,174,313,9.8,1.1,129,43.8,6.3,8.7,6.1,45,3.2,25.9,1,0
Chad Williams,ARI,WR,10,46,17,171,598,13.3,1.4,154,37.8,6.7,15.7,9.5,17,1.0,9.9,0,0
Mark Ingram,NO,RB,12,27,21,170,17,0.6,0.0,17,77.8,3.7,0.5,5.3,157,7.5,92.4,0,0
Lance Kendricks,GB,TE,16,25,19,170,136,5.4,0.4,55,76.0,12.0,2.6,4.1,115,6.1,67.6,0,0
Ty Montgomery,GB,RB,7,23,15,170,14,0.6,0.1,13,68.2,4.5,0.3,3.6,157,10.5,92.4,0,0
Alex Erickson,CIN,WR,16,29,20,167,268,9.2,0.7,92,69.0,6.9,6.3,5.5,79,4.0,47.3,2,0
Jaron Brown,SEA,WR,16,19,14,166,234,11.7,0.7,118,70.0,0.0,6.6,5.0,48,3.4,28.9,0,0
Luke Stocker,TEN,TE,16,21,15,165,155,7.4,0.3,95,71.4,4.8,5.0,5.0,70,4.7,42.4,0,0
Demetrius Harris,KC,TE,15,25,12,164,189,7.6,0.5,86,48.0,16.0,3.8,4.4,78,6.5,47.6,0,0
Lamar Miller,HOU,RB,14,35,25,163,41,1.2,0.1,-9,71.4,2.9,1.0,7.1,172,6.9,105.5,0,0
Chris Carson,SEA,RB,14,24,20,163,-18,-0.8,0.0,-8,83.3,4.2,-0.5,6.0,171,8.6,104.9,0,0
Hayden Hurst,BAL,TE,12,23,13,163,160,7.0,0.6,92,56.5,0.0,3.5,4.3,71,5.5,43.6,0,0
Cody Core,CIN,WR,14,28,13,160,376,13.4,1.2,129,46.4,10.7,8.8,5.3,31,2.4,19.4,1,0
Darren Sproles,PHI,RB,6,23,15,160,20,0.9,0.1,24,65.2,13.0,0.5,3.9,136,9.1,85.0,0,0
Damien Williams,KC,RB,16,24,23,160,-55,-2.3,-0.3,-58,95.8,0.0,-1.1,4.3,218,9.5,136.3,0,0
Andre Holmes,BUF,WR,12,23,12,157,313,13.6,1.1,113,52.2,8.7,6.6,4.8,44,3.7,28.0,1,0
Will Dissly,SEA,TE,4,14,8,156,138,9.9,1.1,64,57.1,7.1,3.9,3.5,92,11.5,59.0,0,0
Marcell Ateman,OAK,WR,7,31,15,154,0,0.0,0.0,0,0.0,0.0,0.0,0.0,0,0.0,0.0,0,0
Alfred Blue,HOU,RB,16,27,20,154,61,2.3,0.1,38,76.9,3.8,1.5,5.3,116,5.8,75.3,0,0
Isaiah Crowell,NYJ,RB,13,28,21,152,-23,-0.8,-0.1,-27,75.0,10.7,-0.5,5.5,179,8.5,117.8,0,0
Ito Smith,ATL,RB,14,32,27,152,-18,-0.6,-0.1,-14,84.4,3.1,-0.4,5.3,166,6.1,109.2,0,1
Dan Arnold,NO,TE,10,19,12,150,200,10.5,1.4,117,63.2,10.5,5.5,3.7,36,3.0,24.0,0,0
Nick Chubb,CLE,RB,16,29,20,149,37,1.3,0.1,-31,69.0,10.3,0.7,5.2,180,9.0,120.8,0,0
Marvin Hall,ATL,WR,16,19,10,149,211,11.1,1.1,95,52.6,10.5,4.2,3.2,54,5.4,36.2,0,0
Jordan Howard,CHI,RB,16,27,20,145,3,0.1,0.0,1,74.1,0.0,0.1,5.3,164,8.2,113.1,0,0
Damion Ratley,CLE,WR,13,20,13,144,220,11.0,1.3,93,65.0,15.0,4.3,3.6,51,3.9,35.4,0,0
Trenton Cannon,NYJ,RB,16,25,17,144,151,5.6,0.8,23,63.0,14.8,3.4,5.3,121,7.1,84.0,0,0
Deontay Burnett,NYJ,WR,5,15,10,143,161,10.7,1.3,114,66.7,6.7,3.6,3.0,29,2.9,20.3,0,0
Maxx Williams,BAL,TE,13,17,16,143,45,2.6,0.1,46,94.1,0.0,1.0,3.2,97,6.1,67.8,0,0
Ed Dickson,SEA,TE,10,13,12,143,68,5.2,0.2,62,92.3,0.0,1.9,3.2,82,6.8,57.3,0,0
Latavius Murray,MIN,RB,16,26,22,141,23,0.9,0.0,21,84.6,3.8,0.5,4.4,120,5.5,85.1,0,0
Tavon Austin,DAL,WR,7,13,8,140,206,15.8,1.8,111,61.5,15.4,5.4,2.5,29,3.6,20.7,0,0
Brandon Marshall,SEA,WR,7,23,11,136,251,10.9,1.3,113,47.8,13.0,7.0,5.7,23,2.1,16.9,0,1
Brandon LaFell,OAK,WR,6,16,12,135,0,0.0,0.0,0,0.0,0.0,0.0,0.0,0,0.0,0.0,0,0
Justin Jackson,LAC,RB,13,19,15,135,-14,-0.8,-0.1,-21,83.3,5.6,-0.4,3.6,156,10.4,115.6,0,0
Mo Alie-Cox,IND,TE,9,13,7,133,146,11.2,0.6,82,53.8,7.7,3.0,2.1,51,7.3,38.3,0,0
Justin Hardy,ATL,WR,16,22,14,133,112,5.3,0.5,57,66.7,4.8,2.2,3.5,76,5.4,57.1,0,0
Bruce Ellington,DET,WR,4,30,23,132,95,3.2,0.6,50,76.7,6.7,2.6,5.4,82,3.6,62.1,1,1
Rex Burkhead,NE,RB,8,20,14,131,38,1.9,0.3,9,70.0,0.0,0.9,3.6,122,8.7,93.1,0,0
Richie James,SF,WR,13,14,9,130,58,4.1,0.3,25,64.3,7.1,1.5,2.7,105,11.7,80.8,0,1
Brandon Powell,DET,WR,6,17,11,129,49,2.9,0.5,11,64.7,5.9,1.3,3.1,118,10.7,91.5,0,0
Deonte Thompson,DAL,WR,8,20,14,124,192,9.6,1.1,91,70.0,5.0,5.0,3.9,33,2.4,26.6,0,0
Frank Gore,MIA,RB,14,16,12,124,16,1.0,0.0,5,75.0,0.0,0.5,3.7,119,9.9,96.0,0,1
Josh Bellamy,CHI,WR,16,25,14,117,291,11.6,0.9,71,56.0,4.0,6.7,4.9,46,3.3,39.3,0,0
Darren Fells,CLE,TE,16,12,11,117,56,4.7,0.1,51,91.7,0.0,1.1,2.1,66,6.0,56.4,0,0
Doug Martin,OAK,RB,16,24,18,116,0,0.0,0.0,0,0.0,0.0,0.0,0.0,0,0.0,0.0,0,0
Dalton Schultz,DAL,TE,11,17,12,116,69,4.1,0.2,45,70.6,5.9,1.8,3.3,71,5.9,61.2,0,0
Jordan Leggett,NYJ,TE,15,25,14,114,160,6.4,0.5,64,56.0,4.0,3.6,5.0,54,3.9,47.4,0,0
Cameron Meredith,NO,WR,6,10,9,114,90,9.0,0.7,74,90.0,0.0,2.5,2.0,40,4.4,35.1,1,0
Andy Janovich,DEN,FB,16,10,8,112,50,5.0,0.2,47,80.0,0.0,1.2,1.8,65,8.1,58.0,0,0
Bilal Powell,NYJ,RB,7,18,11,110,80,4.4,0.4,26,61.1,5.6,1.8,3.6,84,7.6,76.4,0,0
Alex Collins,BAL,RB,10,21,15,105,21,1.1,0.1,6,75.0,10.0,0.5,3.7,99,6.6,94.3,0,0
Dontrell Hilliard,CLE,RB,11,10,9,105,11,1.1,0.2,8,90.0,10.0,0.2,1.8,97,10.8,92.4,0,0
Chase Edmonds,ARI,RB,16,23,20,103,-17,-0.7,-0.1,-23,87.0,8.7,-0.4,4.9,126,6.3,122.3,0,0
Marlon Mack,IND,RB,12,26,17,103,-30,-1.2,-0.1,-14,65.4,11.5,-0.6,4.1,124,7.3,120.4,0,0
Jake Kumerow,GB,WR,5,11,8,103,114,10.4,0.8,78,72.7,0.0,2.2,1.8,25,3.1,24.3,0,0
MyCole Pruitt,TEN,TE,15,11,9,102,98,8.9,0.5,69,81.8,0.0,3.2,2.6,33,3.7,32.4,0,0
Kapri Bibbs,WAS,RB,10,18,13,102,25,1.4,0.2,1,72.2,11.1,0.6,3.7,139,10.7,136.3,0,0
Marcus Johnson,IND,WR,5,8,6,102,108,13.5,1.1,72,75.0,12.5,2.2,1.3,30,5.0,29.4,0,0
Darius Jennings,TEN,WR,16,15,11,101,159,10.6,0.9,62,73.3,6.7,5.2,3.5,39,3.5,38.6,0,0
Michael Floyd,WAS,WR,13,24,10,100,333,13.9,1.0,70,41.7,12.5,8.2,4.9,30,3.0,30.0,0,1
Michael Roberts,DET,TE,8,20,9,100,134,6.7,0.8,77,45.0,20.0,3.6,3.6,23,2.6,23.0,0,0
Derrick Henry,TEN,RB,16,18,15,99,-19,-1.1,0.0,-18,83.3,0.0,-0.6,4.2,117,7.8,118.2,0,1
Jeff Wilson,SF,RB,6,15,12,98,4,0.3,0.0,4,80.0,6.7,0.1,2.9,94,7.8,95.9,0,0
Niles Paul,JAX,TE,6,13,10,98,97,7.5,0.9,64,76.9,15.4,2.7,2.5,34,3.4,34.7,0,0
Austin Carr,NO,WR,14,14,9,97,126,9.0,0.5,75,64.3,0.0,3.5,2.7,22,2.4,22.7,1,0
Anthony Sherman,KC,FB,16,9,8,96,38,4.2,0.4,35,88.9,11.1,0.8,1.6,61,7.6,63.5,0,0
Jermaine Gresham,ARI,TE,13,12,9,94,28,2.3,0.1,21,75.0,8.3,0.7,2.5,73,8.1,77.7,1,0
Leonte Carroo,MIA,WR,9,4,2,94,105,26.3,2.6,55,50.0,0.0,3.0,0.9,39,19.5,41.5,0,0
Peyton Barber,TB,RB,16,29,20,92,39,1.4,0.1,31,71.4,10.7,0.6,4.5,61,3.1,66.3,0,0
Kevin White,CHI,WR,9,8,4,92,183,22.9,1.1,88,50.0,0.0,4.2,1.6,4,1.0,4.3,0,0
Bruce Ellington,HOU,WR,3,12,8,92,113,9.4,0.9,66,66.7,16.7,2.7,2.4,26,3.3,28.3,0,0
Logan Paulsen,ATL,TE,15,9,9,91,30,3.3,0.1,30,100.0,0.0,0.6,1.5,61,6.8,67.0,0,0
Vyncint Smith,HOU,WR,7,10,5,91,191,19.1,1.1,86,50.0,10.0,4.5,2.0,5,1.0,5.5,0,0
Garrett Celek,SF,TE,15,8,5,90,85,10.6,0.3,45,62.5,12.5,2.2,1.6,45,9.0,50.0,0,0
Austin Seferian-Jenkins,JAX,TE,5,19,11,90,107,5.6,0.5,59,57.9,5.3,3.0,3.6,31,2.8,34.4,0,0
Wayne Gallman,NYG,RB,15,22,14,89,33,1.5,0.2,7,63.6,13.6,0.8,3.8,87,6.2,97.8,0,0
Luke Willson,DET,TE,14,19,13,87,61,3.2,0.1,25,68.4,10.5,1.6,3.4,62,4.8,71.3,1,0
Erik Swoope,IND,TE,7,10,8,87,96,9.6,1.2,72,80.0,10.0,2.0,1.6,15,1.9,17.2,0,0
Xavier Grimble,PIT,TE,16,8,6,86,53,6.6,0.3,28,75.0,0.0,1.1,1.2,58,9.7,67.4,0,0
Scott Simonson,NYG,TE,16,14,9,86,58,4.1,0.2,48,64.3,0.0,1.4,2.4,38,4.2,44.2,0,0
Nick O'Leary,MIA,TE,12,10,8,86,34,3.4,0.1,19,80.0,0.0,1.0,2.3,67,8.4,77.9,0,0
C.J. Ham,MIN,FB,15,15,11,85,0,0.0,0.0,-2,73.3,6.7,0.0,2.5,87,7.9,102.4,0,0
Jake Butt,DEN,TE,3,13,8,85,87,7.3,0.9,39,66.7,0.0,2.1,2.1,46,5.8,54.1,0,0
Jordan Wilkins,IND,RB,16,17,16,85,-24,-1.4,-0.1,-24,94.1,0.0,-0.5,2.7,111,6.9,130.6,0,0
Marshawn Lynch,OAK,RB,6,20,15,84,0,0.0,0.0,0,0.0,0.0,0.0,0.0,0,0.0,0.0,0,0
Cameron Batson,TEN,WR,11,11,8,82,70,6.4,0.4,26,72.7,0.0,2.3,2.6,62,7.8,75.6,0,0
Andy Jones,DET,WR,8,24,11,80,232,9.7,0.9,52,45.8,8.3,6.2,4.3,28,2.5,35.0,0,0
Andre Roberts,NYJ,WR,16,18,10,79,152,8.4,0.8,66,55.6,5.6,3.4,3.6,13,1.3,16.5,0,0
Eli Rogers,PIT,WR,3,14,12,79,55,4.2,0.5,38,92.3,0.0,1.1,1.9,39,3.3,49.4,1,0
Taquan Mizzell,CHI,WR,9,10,8,78,46,4.6,0.7,41,80.0,0.0,1.1,1.9,37,4.6,47.4,0,0
Robert Tonyan,GB,TE,16,6,4,77,75,12.5,0.9,65,66.7,16.7,1.4,1.0,12,3.0,15.6,0,0
Tyler Conklin,MIN,TE,16,7,5,77,58,8.3,0.4,44,71.4,14.3,1.4,1.2,33,6.6,42.9,0,0
Logan Thomas,BUF,TE,12,17,12,77,131,8.2,0.5,44,75.0,0.0,2.8,3.3,38,3.2,49.4,0,0
Darren Waller,OAK,TE,4,6,6,75,0,0.0,0.0,0,0.0,0.0,0.0,0.0,0,0.0,0.0,0,0
Rashaad Penny,SEA,RB,14,12,9,75,10,0.8,0.1,0,75.0,16.7,0.3,3.0,75,8.3,100.0,0,0
Trey Quinn,WAS,WR,3,10,9,75,73,7.3,0.7,57,90.0,0.0,1.8,2.1,18,2.0,24.0,0,0
Seth DeValve,CLE,TE,13,7,5,74,84,12.0,0.9,56,71.4,0.0,1.6,1.2,18,3.6,24.3,0,0
Lee Smith,OAK,TE,16,11,10,73,0,0.0,0.0,0,0.0,0.0,0.0,0.0,0,0.0,0.0,0,0
Alfred Morris,SF,RB,12,13,8,73,12,0.9,0.0,8,61.5,0.0,0.3,2.5,65,8.1,89.0,0,0
Eric Tomlinson,NYJ,TE,15,14,8,72,51,3.6,0.1,-15,57.1,7.1,1.2,2.8,90,11.3,125.0,0,0
Royce Freeman,DEN,RB,14,20,14,72,17,0.9,0.1,13,70.0,15.0,0.4,3.6,59,4.2,81.9,0,0
Corey Coleman,NYG,WR,8,8,5,71,97,12.1,0.7,62,62.5,12.5,2.3,1.4,9,1.8,12.7,1,0
Joshua Perkins,PHI,TE,9,11,5,67,119,10.8,1.3,49,45.5,18.2,2.7,1.9,18,3.6,26.9,0,0
Blake Bell,JAX,TE,10,11,8,67,66,6.0,0.3,27,72.7,0.0,1.8,2.1,40,5.0,59.7,0,0
Corey Grant,JAX,RB,5,12,9,67,-7,-0.6,-0.1,-14,75.0,0.0,-0.2,2.3,81,9.0,120.9,0,0
Derek Carrier,OAK,TE,16,11,7,67,0,0.0,0.0,0,0.0,0.0,0.0,0.0,0,0.0,0.0,0,0
LeGarrette Blount,DET,RB,16,15,10,67,-23,-1.5,-0.1,-21,66.7,13.3,-0.6,2.7,88,8.8,131.3,0,0
Dane Cruikshank,TEN,S,12,1,1,66,17,17.0,0.0,17,100.0,0.0,0.6,0.2,49,49.0,74.2,0,0
Ty Montgomery,BAL,RB,6,17,10,65,38,2.2,0.3,-2,58.8,0.0,0.8,3.2,67,6.7,103.1,0,0
J.J. Nelson,ARI,WR,14,19,7,64,354,18.6,1.7,43,36.8,0.0,9.3,4.0,21,3.0,32.8,2,0
Russell Gage,ATL,WR,15,10,6,63,99,9.9,1.7,41,60.0,20.0,2.0,1.7,22,3.7,34.9,0,0
Patrick DiMarco,BUF,FB,16,4,3,62,26,6.5,0.2,27,75.0,0.0,0.6,0.8,35,11.7,56.5,0,0
James Develin,NE,FB,16,17,12,61,44,2.6,0.1,27,70.6,0.0,1.0,3.1,34,2.8,55.7,0,0
Derrick Willies,CLE,WR,5,5,3,61,56,11.2,1.9,29,60.0,0.0,1.1,0.9,32,10.7,52.5,0,0
David Grinnage,JAX,TE,4,8,6,61,63,7.9,0.9,42,75.0,12.5,1.7,1.5,19,3.2,31.1,0,0
Rod Smith,DAL,RB,16,12,9,60,-7,-0.6,0.0,0,75.0,0.0,-0.2,2.3,60,6.7,100.0,0,0
Tommylee Lewis,NO,WR,7,3,3,60,59,19.7,0.8,59,100.0,0.0,1.6,0.6,1,0.3,1.7,0,0
Rashad Greene,JAX,WR,8,8,6,60,60,7.5,0.6,45,75.0,0.0,1.7,1.5,15,2.5,25.0,0,1
Brice Butler,MIA,WR,6,9,6,60,91,10.1,0.8,58,66.7,11.1,2.6,2.1,2,0.3,3.3,0,2
Josh Adams,PHI,RB,14,13,7,58,-11,-0.8,0.0,-10,53.8,7.7,-0.3,2.2,68,9.7,117.2,0,0
Kalen Ballage,MIA,RB,12,11,9,56,-12,-1.1,-0.1,-20,81.8,9.1,-0.3,2.6,76,8.4,135.7,0,0
Zach Zenner,DET,RB,8,10,7,56,-2,-0.2,0.0,-11,70.0,20.0,-0.1,1.8,67,9.6,119.6,0,0
Noah Brown,DAL,WR,8,8,5,54,71,8.9,0.7,31,62.5,0.0,1.9,1.6,23,4.6,42.6,0,0
Kamar Aiken,PHI,WR,5,7,6,53,46,6.6,0.4,40,85.7,0.0,1.1,1.2,13,2.2,24.5,0,0
Delanie Walker,TEN,TE,1,7,4,52,47,6.7,1.2,32,57.1,0.0,1.5,1.7,20,5.0,38.5,0,0
Malcolm Brown,LAR,RB,12,7,5,52,7,1.0,0.1,7,71.4,0.0,0.1,1.3,45,9.0,86.5,0,0
Chris Manhertz,CAR,TE,16,5,2,52,33,6.6,0.1,6,40.0,0.0,0.8,0.9,46,23.0,88.5,0,0
Bobo Wilson,TB,WR,5,5,4,52,54,10.8,0.8,33,80.0,0.0,0.8,0.8,19,4.8,36.5,1,0
Jacob Hollister,NE,TE,8,5,4,52,42,8.4,0.7,38,80.0,0.0,1.0,0.9,14,3.5,26.9,0,0
Kenneth Dixon,BAL,RB,6,7,6,51,-10,-1.4,-0.1,-5,85.7,0.0,-0.2,1.3,56,9.3,109.8,0,0
Elijhaa Penny,NYG,FB,14,9,8,50,2,0.2,0.0,-1,88.9,0.0,0.0,1.6,51,6.4,102.0,0,0
Durham Smythe,MIA,TE,15,11,6,50,62,6.2,0.4,41,60.0,0.0,1.8,2.3,9,1.5,18.0,0,0
Sony Michel,NE,RB,13,11,7,50,6,0.5,0.0,-2,63.6,18.2,0.1,2.0,52,7.4,104.0,0,0
Antony Auclair,TB,TE,16,8,7,48,36,4.5,0.1,36,87.5,0.0,0.6,1.3,12,1.7,25.0,0,0
Eric Saubert,ATL,TE,16,9,5,48,42,4.7,0.2,32,55.6,22.2,0.8,1.5,16,3.2,33.3,0,0
Adam Shaheen,CHI,TE,6,6,5,48,59,8.4,0.4,31,71.4,0.0,1.4,1.4,17,3.4,35.4,0,0
Shelton Gibson,PHI,WR,15,3,1,48,90,30.0,1.4,43,33.3,0.0,2.1,0.5,5,5.0,10.4,0,0
A.J. Derby,MIA,TE,4,5,3,48,43,8.6,0.3,39,60.0,0.0,1.2,1.2,9,3.0,18.8,0,0
Neal Sterling,NYJ,TE,5,8,6,47,36,4.5,0.3,18,75.0,0.0,0.8,1.6,29,4.8,61.7,0,0
Rico Gathers,DAL,TE,15,7,3,45,67,9.6,0.5,17,42.9,0.0,1.8,1.4,28,9.3,62.2,0,0
River Cracraft,DEN,WR,8,2,1,44,74,37.0,2.7,44,50.0,0.0,1.7,0.4,0,0.0,0.0,0,0
Ben Braunecker,CHI,TE,15,5,3,42,66,13.2,0.5,35,60.0,0.0,1.5,1.0,7,2.3,16.7,0,0
Jeremy Sprinkle,WAS,TE,16,9,5,41,53,6.6,0.1,19,62.5,0.0,1.3,1.6,22,4.4,53.7,0,0
Mark Walton,CIN,RB,14,8,5,41,-14,-1.8,-0.2,-7,62.5,12.5,-0.3,1.5,48,9.6,117.1,0,0
Tommy Bohanon,JAX,FB,16,9,6,41,13,1.4,0.1,5,66.7,0.0,0.4,1.7,36,6.0,87.8,0,0
Dwayne Harris,OAK,WR,15,6,6,40,0,0.0,0.0,0,0.0,0.0,0.0,0.0,0,0.0,0.0,0,0
Jawill Davis,NYG,WR,7,8,4,40,131,16.4,2.1,36,50.0,0.0,3.2,1.4,4,1.0,10.0,0,0
Chad Beebe,MIN,WR,3,4,4,39,27,6.8,0.6,27,100.0,0.0,0.6,0.7,12,3.0,30.8,0,0
Marcedes Lewis,GB,TE,16,4,3,39,7,2.3,0.0,7,100.0,0.0,0.1,0.5,32,10.7,82.1,0,0
John Phillips,ARI,TE,8,3,3,38,29,9.7,0.2,29,100.0,0.0,0.8,0.6,9,3.0,23.7,0,0
Roosevelt Nix,PIT,FB,16,6,4,38,11,1.8,0.1,-3,66.7,0.0,0.2,0.9,41,10.3,107.9,0,0
Charcandrick West,KC,RB,3,3,2,37,15,5.0,0.5,11,66.7,0.0,0.3,0.5,26,13.0,70.3,0,0
Deonte Thompson,BUF,WR,5,10,3,37,183,18.3,2.3,31,30.0,10.0,3.9,2.1,6,2.0,16.2,1,0
Jalen Tolliver,ARI,WR,3,6,3,37,83,13.8,1.1,22,50.0,0.0,2.2,1.3,15,5.0,40.5,0,0
Jordan Franks,CIN,TE,6,3,2,37,47,15.7,2.8,23,66.7,0.0,1.1,0.6,14,7.0,37.8,0,0
T.J. Logan,ARI,RB,10,7,7,37,-2,-0.3,-0.1,-2,100.0,0.0,-0.1,1.5,39,5.6,105.4,0,0
David Morgan,MIN,TE,11,6,5,36,16,2.7,0.1,13,83.3,0.0,0.4,1.0,23,4.6,63.9,0,0
Ray-Ray McCloud,BUF,WR,10,6,5,36,7,1.0,0.1,10,71.4,14.3,0.1,1.5,26,5.2,72.2,0,0
Tyler Kroft,CIN,TE,5,6,4,36,33,6.6,0.3,19,80.0,20.0,0.8,1.0,17,4.3,47.2,0,0
Auden Tate,CIN,WR,7,12,4,35,121,10.1,1.6,32,33.3,8.3,2.8,2.3,3,0.8,8.6,0,0
Tre Madden,SEA,FB,14,3,2,35,19,6.3,0.2,15,66.7,0.0,0.5,0.7,20,10.0,57.1,0,0
Tyler Ervin,HOU,RB,9,3,3,35,22,7.3,0.3,22,100.0,0.0,0.5,0.6,13,4.3,37.1,0,0
Ronald Jones,TB,RB,9,9,7,33,-14,-1.6,-0.2,-8,77.8,22.2,-0.2,1.5,41,5.9,124.2,0,0
Brian Parker,DEN,TE,13,10,5,33,30,3.0,0.2,3,50.0,10.0,0.7,1.8,30,6.0,90.9,0,1
Javon Wims,CHI,WR,4,5,4,32,34,6.8,1.1,30,80.0,0.0,0.8,1.0,2,0.5,6.3,0,0
Byron Marshall,WAS,RB,6,6,4,30,13,2.2,0.3,4,66.7,0.0,0.3,1.2,26,6.5,86.7,0,0
Carlos Hyde,CLE,RB,6,9,6,29,1,0.1,0.0,-15,60.0,0.0,0.0,1.8,44,7.3,151.7,0,0
De'Anthony Thomas,KC,WR,5,5,3,29,69,13.8,1.9,-2,60.0,0.0,1.4,0.9,31,10.3,106.9,0,0
D'Onta Foreman,HOU,RB,1,2,2,28,18,9.0,0.6,18,100.0,0.0,0.4,0.4,10,5.0,35.7,0,0
Darrel Williams,KC,RB,6,3,3,27,-6,-2.0,-0.2,-6,100.0,0.0,-0.1,0.5,33,11.0,122.2,0,0
John Kelly,LAR,RB,4,3,2,27,-6,-2.0,-0.1,-1,66.7,33.3,-0.1,0.6,28,14.0,103.7,0,0
Dwayne Allen,NE,TE,13,4,3,27,34,8.5,0.1,-1,75.0,0.0,0.8,0.7,28,9.3,103.7,0,0
Kelvin Benjamin,KC,WR,3,5,2,26,58,11.6,2.2,26,40.0,20.0,1.2,0.9,0,0.0,0.0,0,0
Marcus Murphy,BUF,RB,11,19,11,26,22,1.2,0.1,-14,57.9,10.5,0.5,4.0,40,3.6,153.8,0,1
Raheem Mostert,SF,RB,9,7,6,25,-2,-0.3,0.0,-18,85.7,0.0,-0.1,1.4,43,7.2,172.0,0,0
Charone Peake,NYJ,WR,13,3,2,25,31,10.3,0.3,21,66.7,33.3,0.7,0.6,4,2.0,16.0,0,0
Sean Culkin,LAC,TE,13,1,1,24,25,25.0,0.1,25,100.0,0.0,0.6,0.2,-1,-1.0,-4.2,0,0
C.J. Anderson,CAR,RB,9,3,1,24,-2,-0.7,0.0,-4,33.3,66.7,-0.1,0.6,28,28.0,116.7,0,0
Devonta Freeman,ATL,RB,2,7,5,23,1,0.1,0.0,1,71.4,14.3,0.0,1.2,22,4.4,95.7,0,0
Keith Smith,OAK,FB,16,7,5,23,0,0.0,0.0,0,0.0,0.0,0.0,0.0,0,0.0,0.0,0,0
Orson Charles,CLE,FB,13,5,3,23,21,4.2,0.1,-1,60.0,0.0,0.4,0.9,24,8.0,104.3,0,0
Tyrone Swoopes,SEA,TE,1,1,1,23,8,8.0,0.3,8,100.0,0.0,0.2,0.2,15,15.0,65.2,0,0
Brandon Zylstra,MIN,WR,16,2,1,23,43,21.5,2.5,15,50.0,0.0,1.0,0.3,8,8.0,34.8,0,0
C.J. Prosise,SEA,RB,5,3,3,22,4,1.3,0.1,4,100.0,0.0,0.1,0.7,18,6.0,81.8,0,0
Gehrig Dieter,KC,WR,4,3,1,22,59,19.7,1.8,8,33.3,0.0,1.2,0.5,14,14.0,63.6,0,0
Keith Ford,BUF,RB,2,5,3,21,-10,-2.0,-0.1,-1,60.0,0.0,-0.2,1.0,22,7.3,104.8,0,0
Roc Thomas,MIN,RB,5,4,2,21,12,3.0,0.4,9,50.0,0.0,0.3,0.7,12,6.0,57.1,0,0
Justin Hunter,PIT,WR,5,13,3,21,258,19.8,2.1,18,23.1,0.0,5.1,1.9,3,1.0,14.3,0,0
DeAndre Carter,PHI,WR,7,2,2,21,5,2.5,0.1,5,100.0,0.0,0.1,0.3,16,8.0,76.2,0,0
Marcus Mariota,TEN,QB,14,1,1,21,9,9.0,0.0,9,100.0,0.0,0.3,0.2,12,12.0,57.1,0,0
Jay Ajayi,PHI,RB,4,6,5,20,-5,-0.8,0.0,-15,83.3,0.0,-0.1,1.0,35,7.0,175.0,0,0
Gus Edwards,BAL,RB,11,2,2,20,3,1.5,0.0,3,100.0,0.0,0.1,0.4,17,8.5,85.0,0,0
Malik Turner,SEA,WR,6,3,2,20,18,6.0,0.4,6,66.7,0.0,0.5,0.7,14,7.0,70.0,0,0
Detrez Newsome,LAC,RB,9,2,2,19,0,0.0,0.0,0,100.0,0.0,0.0,0.4,19,9.5,100.0,0,0
Ameer Abdullah,DET,RB,3,2,2,18,-2,-1.0,-0.2,-2,100.0,0.0,-0.1,0.4,20,10.0,111.1,0,0
Terrance Williams,DAL,WR,3,3,2,18,23,7.7,0.6,10,66.7,0.0,0.6,0.6,8,4.0,44.4,0,0
Brian Quick,WAS,WR,6,3,3,18,18,6.0,0.2,18,100.0,0.0,0.4,0.6,0,0.0,0.0,0,0
Stevan Ridley,PIT,RB,10,4,3,18,11,2.8,0.2,8,75.0,0.0,0.2,0.6,10,3.3,55.6,0,0
Terrelle Pryor,BUF,WR,2,8,2,17,108,13.5,1.0,16,25.0,0.0,2.3,1.7,1,0.5,5.9,0,0
Derrick Coleman,ARI,FB,16,3,2,17,26,8.7,0.3,9,66.7,0.0,0.7,0.6,8,4.0,47.1,0,0
Josh Gordon,CLE,WR,1,3,1,17,90,30.0,1.3,17,33.3,0.0,1.7,0.5,0,0.0,0.0,1,0
Matthew Lengel,CIN,TE,11,8,3,17,40,5.0,0.3,13,37.5,12.5,0.9,1.5,4,1.3,23.5,0,0
C.J. Anderson,LAR,RB,2,6,4,17,-9,-1.5,-0.1,4,66.7,0.0,-0.2,1.1,13,3.3,76.5,0,0
Nick Williams,LAR,WR,2,3,2,17,16,5.3,0.8,11,66.7,0.0,0.3,0.6,6,3.0,35.3,0,0
De'Lance Turner,BAL,RB,4,2,2,17,2,1.0,0.3,2,100.0,0.0,0.0,0.4,15,7.5,88.2,0,0
KhaDarel Hodge,LAR,WR,14,3,2,17,23,7.7,0.3,17,66.7,0.0,0.5,0.6,0,0.0,0.0,0,0
J'Mon Moore,GB,WR,12,3,2,15,17,5.7,0.2,9,66.7,0.0,0.3,0.5,6,3.0,40.0,0,0
Cameron Artis-Payne,CAR,RB,9,4,3,15,-6,-1.5,-0.1,-2,75.0,0.0,-0.2,0.7,17,5.7,113.3,0,0
Nick Bellore,DET,FB,14,4,4,15,0,0.0,0.0,0,100.0,0.0,0.0,0.7,15,3.8,100.0,0,0
Zach Line,NO,FB,16,10,5,14,23,2.3,0.1,5,50.0,30.0,0.6,2.0,9,1.8,64.3,0,0
Tim White,BAL,WR,3,1,1,14,13,13.0,6.5,13,100.0,0.0,0.3,0.2,1,1.0,7.1,0,0
Matt Flanagan,WAS,TE,3,1,1,14,6,6.0,0.1,6,100.0,0.0,0.1,0.2,8,8.0,57.1,0,0
Ross Dwelley,SF,TE,11,2,2,14,13,6.5,0.3,13,100.0,0.0,0.3,0.4,1,0.5,7.1,0,0
Jamize Olawale,DAL,FB,16,4,2,13,2,0.5,0.0,1,50.0,25.0,0.1,0.8,12,6.0,92.3,0,0
Brandon Bolden,MIA,RB,16,3,3,13,-6,-2.0,-0.2,-6,100.0,0.0,-0.2,0.7,19,6.3,146.2,0,0
Rishard Matthews,NYJ,WR,5,3,2,13,35,11.7,0.6,14,66.7,0.0,0.8,0.6,-1,-0.5,-7.7,0,0
Joe Webb,HOU,WR,16,3,2,13,16,5.3,0.5,6,66.7,0.0,0.4,0.6,7,3.5,53.8,0,0
Kapri Bibbs,GB,RB,2,5,3,13,7,1.4,0.4,4,60.0,0.0,0.1,0.8,9,3.0,69.2,0,0
Sammie Coates,HOU,WR,12,2,1,12,10,5.0,0.3,7,50.0,50.0,0.2,0.4,5,5.0,41.7,0,0
Sam Shields,LAR,CB,16,1,1,12,6,6.0,0.0,6,100.0,0.0,0.1,0.2,6,6.0,50.0,0,0
Josh Malone,CIN,WR,9,5,1,12,40,8.0,0.6,12,20.0,20.0,0.9,1.0,0,0.0,0.0,0,0
Ricky Ortiz,ATL,FB,12,4,3,11,-2,-0.7,0.0,-2,100.0,0.0,0.0,0.5,13,4.3,118.2,0,0
Taylor Decker,DET,OT,16,1,1,11,1,1.0,0.0,1,100.0,0.0,0.0,0.2,10,10.0,90.9,0,0
Hakeem Valles,DET,TE,3,3,2,11,25,8.3,0.9,10,66.7,0.0,0.7,0.5,1,0.5,9.1,0,0
Rishard Matthews,TEN,WR,3,6,3,11,9,1.5,0.1,5,50.0,0.0,0.3,1.4,6,2.0,54.5,0,0
Nick Foles,PHI,QB,5,1,1,10,18,18.0,0.1,18,100.0,0.0,0.4,0.2,7,7.0,70.0,0,0
Ameer Abdullah,MIN,RB,7,2,1,10,14,7.0,2.3,1,50.0,0.0,0.3,0.3,9,9.0,90.0,0,0
Victor Bolden,SF,WR,4,4,1,10,46,11.5,0.7,6,25.0,25.0,1.2,0.8,4,4.0,40.0,0,0
Justin Hardee,NO,CB,16,1,1,10,8,8.0,0.0,8,100.0,0.0,0.2,0.2,2,2.0,20.0,0,0
Cam Phillips,BUF,WR,2,1,1,9,3,3.0,0.1,3,100.0,0.0,0.1,0.2,6,6.0,66.7,0,0
Brian Hill,ATL,RB,10,2,1,9,6,3.0,0.1,3,50.0,0.0,0.1,0.3,6,6.0,66.7,0,0
George Fant,SEA,OT,16,1,1,9,0,0.0,0.0,0,100.0,0.0,0.0,0.2,9,9.0,100.0,0,0
Alan Cross,TB,TE,14,5,2,9,14,2.8,0.1,2,40.0,0.0,0.2,0.8,7,3.5,77.8,0,0
DeAndre Washington,OAK,RB,10,1,1,9,0,0.0,0.0,0,0.0,0.0,0.0,0.0,0,0.0,0.0,0,0
Benny Cunningham,CHI,RB,15,2,1,9,-15,-7.5,-0.4,-5,50.0,0.0,-0.3,0.4,14,14.0,155.6,0,0
Dion Sims,CHI,TE,8,4,2,9,32,8.0,0.2,3,50.0,25.0,0.7,0.8,6,3.0,66.7,0,0
Mike Gillislee,NO,RB,4,1,1,9,0,0.0,0.0,0,100.0,0.0,0.0,0.2,9,9.0,100.0,0,0
Kyle Williams,BUF,DT,16,1,1,9,0,0.0,0.0,0,100.0,0.0,0.0,0.2,9,9.0,100.0,0,0
Darrius Heyward-Bey,PIT,WR,14,2,1,9,24,12.0,0.3,-2,50.0,0.0,0.5,0.3,11,11.0,122.2,0,0
Chase Daniel,CHI,QB,5,1,1,8,-6,-6.0,0.0,-6,100.0,0.0,-0.1,0.2,14,14.0,175.0,0,0
Damiere Byrd,CAR,WR,8,2,1,8,23,11.5,0.5,7,50.0,0.0,0.6,0.4,1,1.0,12.5,0,0
Keon Hatcher,OAK,WR,3,2,1,8,0,0.0,0.0,0,0.0,0.0,0.0,0.0,0,0.0,0.0,0,0
Darvin Kidsy,WAS,WR,2,2,1,8,20,10.0,1.5,7,50.0,0.0,0.5,0.4,1,1.0,12.5,0,0
Marcus Kemp,KC,WR,16,2,1,7,4,2.0,0.1,-1,50.0,0.0,0.1,0.4,8,8.0,114.3,0,0
Allen Lazard,GB,WR,1,1,1,7,6,6.0,6.0,6,100.0,0.0,0.1,0.2,1,1.0,14.3,0,0
Jehu Chesson,WAS,WR,12,2,1,7,22,11.0,3.1,6,50.0,0.0,0.5,0.4,1,1.0,14.3,0,0
Dion Dawkins,BUF,OT,16,1,1,7,7,7.0,0.0,7,100.0,0.0,0.1,0.2,0,0.0,0.0,0,0
Richard Rodgers,PHI,TE,7,1,1,7,-2,-2.0,0.0,-2,100.0,0.0,0.0,0.2,9,9.0,128.6,0,0
Jamaal Charles,JAX,RB,2,3,2,7,4,1.3,0.2,2,66.7,33.3,0.1,0.6,5,2.5,71.4,0,0
Jeremy Kerley,BUF,WR,1,4,2,7,17,4.3,0.4,-6,50.0,0.0,0.4,0.8,13,6.5,185.7,0,0
Tom Brady,NE,QB,16,1,1,6,-1,-1.0,0.0,-1,100.0,0.0,0.0,0.2,7,7.0,116.7,0,0
Jeremy Hill,NE,RB,1,1,1,6,1,1.0,0.1,1,100.0,0.0,0.0,0.2,5,5.0,83.3,0,0
Michael Burton,CHI,FB,8,1,1,6,1,1.0,0.0,1,100.0,0.0,0.0,0.2,5,5.0,83.3,0,0
Khari Lee,BUF,TE,2,1,1,5,-1,-1.0,0.0,-1,100.0,0.0,0.0,0.2,6,6.0,120.0,0,0
Matt Ryan,ATL,QB,16,1,1,5,1,1.0,0.0,1,100.0,0.0,0.0,0.2,4,4.0,80.0,0,0
Andre Holmes,DEN,WR,3,1,1,5,-3,-3.0,-0.1,-3,100.0,0.0,-0.1,0.2,8,8.0,160.0,0,0
Travaris Cadet,CAR,RB,1,1,1,5,1,1.0,0.0,1,100.0,0.0,0.0,0.2,4,4.0,80.0,0,0
Samaje Perine,WAS,RB,5,4,3,5,-3,-1.0,-0.1,-3,100.0,0.0,-0.1,0.6,8,2.7,160.0,0,0
Alex Armah,CAR,FB,16,1,1,5,0,0.0,0.0,0,100.0,0.0,0.0,0.2,5,5.0,100.0,0,0
Justin Watson,TB,WR,12,3,1,5,13,4.3,0.2,5,33.3,0.0,0.2,0.5,0,0.0,0.0,0,0
Johnny Mundt,LAR,TE,10,1,1,5,0,0.0,0.0,0,100.0,0.0,0.0,0.2,5,5.0,100.0,0,0
Shaun Wilson,TB,RB,5,5,3,5,22,4.4,1.0,-1,60.0,0.0,0.3,0.8,6,2.0,120.0,0,0
Taysom Hill,NO,QB,16,7,3,4,30,4.3,0.2,-5,42.9,28.6,0.8,1.4,9,3.0,225.0,0,0
Carson Wentz,PHI,QB,11,1,1,4,5,5.0,0.0,5,100.0,0.0,0.1,0.2,-1,-1.0,-25.0,0,0
Andrew Luck,IND,QB,16,2,1,4,8,4.0,0.0,4,50.0,0.0,0.2,0.3,0,0.0,0.0,0,0
Carlos Hyde,JAX,RB,8,7,4,4,-12,-1.7,-0.1,-11,57.1,28.6,-0.3,1.3,15,3.8,375.0,0,0
Kenjon Barner,CAR,RB,4,1,1,3,2,2.0,0.3,2,100.0,0.0,0.1,0.2,1,1.0,33.3,0,0
Robert Turbin,IND,RB,2,2,1,3,2,1.0,0.1,2,50.0,0.0,0.0,0.3,1,1.0,33.3,0,0
Ryan Tannehill,MIA,QB,11,1,1,3,2,2.0,0.0,2,100.0,0.0,0.1,0.2,1,1.0,33.3,0,0
J.J. Jones,NYJ,WR,1,1,1,3,2,2.0,1.0,2,100.0,0.0,0.0,0.2,1,1.0,33.3,0,0
Danny Vitale,GB,FB,5,2,1,2,3,1.5,0.2,2,50.0,0.0,0.1,0.3,0,0.0,0.0,0,0
Derek Watt,LAC,FB,16,1,1,2,1,1.0,0.0,1,100.0,0.0,0.0,0.2,1,1.0,50.0,0,0
Alejandro Villanueva,PIT,OT,16,1,1,2,2,2.0,0.0,2,100.0,0.0,0.0,0.1,0,0.0,0.0,0,0
Bradley Sowell,CHI,TE,16,2,1,2,4,2.0,0.1,2,50.0,0.0,0.1,0.4,0,0.0,0.0,0,0
Ryan Hewitt,IND,TE,12,2,1,1,5,2.5,0.0,1,50.0,0.0,0.1,0.3,0,0.0,0.0,0,0
Drew Brees,NO,QB,15,1,1,1,-3,-3.0,0.0,-3,100.0,0.0,-0.1,0.2,4,4.0,400.0,0,0
Jonathan Williams,NO,RB,3,1,1,1,1,1.0,0.1,1,100.0,0.0,0.0,0.2,0,0.0,0.0,0,0
Mike Boone,MIN,RB,8,3,2,1,0,0.0,0.0,-4,66.7,33.3,0.0,0.5,5,2.5,500.0,0,0
Chris Lacy,DET,WR,1,1,0,0,9,9.0,0.3,0,0.0,0.0,0.2,0.2,0,0.0,0.0,0,0
Riley McCarron,NE,WR,1,1,0,0,28,28.0,1.9,0,0.0,0.0,0.7,0.2,0,0.0,0.0,0,0
Sam Hubbard,CIN,DE,16,1,0,0,1,1.0,0.1,0,0.0,0.0,0.0,0.2,0,0.0,0.0,0,0
Josh Allen,BUF,QB,12,1,0,0,13,13.0,0.0,0,0.0,0.0,0.3,0.2,0,0.0,0.0,0,0
Lamar Jackson,BAL,QB,16,2,0,0,-1,-1.0,0.0,0,0.0,0.0,0.0,0.2,0,0.0,0.0,0,0
Baker Mayfield,CLE,QB,14,1,0,0,12,12.0,0.0,0,0.0,0.0,0.2,0.2,0,0.0,0.0,0,0
Pharoh Cooper,LAR,WR,5,1,0,0,6,6.0,1.0,0,0.0,100.0,0.1,0.2,0,0.0,0.0,0,0
Darius Jackson,DAL,RB,2,1,0,0,-2,-2.0,0.0,0,0.0,0.0,-0.1,0.2,0,0.0,0.0,0,0
Johnny Holton,OAK,WR,1,1,0,0,0,0.0,0.0,0,0.0,0.0,0.0,0.0,0,0.0,0.0,0,0
Dak Prescott,DAL,QB,16,1,0,0,10,10.0,0.0,0,0.0,0.0,0.3,0.2,0,0.0,0.0,0,0
Cole Wick,SF,TE,5,1,0,0,1,1.0,0.1,0,0.0,100.0,0.0,0.2,0,0.0,0.0,0,0
J.D. McKissic,SEA,RB,5,1,0,0,6,6.0,0.7,0,0.0,100.0,0.2,0.2,0,0.0,0.0,0,0
Jourdan Lewis,DAL,CB,15,1,0,0,-4,-4.0,-0.5,0,0.0,0.0,-0.1,0.2,0,0.0,0.0,0,0
Darrell Daniels,ARI,TE,2,1,0,0,34,34.0,1.9,0,0.0,0.0,0.9,0.2,0,0.0,0.0,0,0
Darrell Daniels,SEA,TE,9,1,0,0,17,17.0,0.2,0,0.0,0.0,0.5,0.2,0,0.0,0.0,0,0
Stacy Coley,MIN,WR,2,1,0,0,8,8.0,0.4,0,0.0,100.0,0.2,0.2,0,0.0,0.0,0,0
Isaiah Ford,MIA,WR,1,1,0,0,9,9.0,0.7,0,0.0,0.0,0.3,0.2,0,0.0,0.0,0,0
Mason Crosby,GB,K,16,1,0,0,-5,-5.0,0.0,0,0.0,0.0,-0.1,0.2,0,0.0,0.0,0,0
Stephen Hauschka,BUF,K,16,1,0,0,0,0.0,0.0,0,0.0,0.0,0.0,0.0,0,0.0,0.0,0,0
Mike Wallace,PHI,WR,2,3,0,0,111,37.0,1.5,0,0.0,0.0,2.5,0.5,0,0.0,0.0,1,0
Taiwan Jones,BUF,RB,6,2,0,0,32,16.0,16.0,0,0.0,50.0,0.7,0.4,0,0.0,0.0,0,0
Jerome Cunningham,DET,TE,3,1,0,0,3,3.0,0.1,0,0.0,0.0,0.1,0.2,0,0.0,0.0,0,0
Freddie Martino,TB,WR,4,1,0,0,3,3.0,0.1,0,0.0,0.0,0.0,0.2,0,0.0,0.0,0,0
Nick Williams,TEN,WR,2,1,0,0,26,13.0,0.5,0,0.0,50.0,0.8,0.5,0,0.0,0.0,1,0
Brice Butler,DAL,WR,2,1,0,0,44,44.0,14.7,0,0.0,0.0,1.2,0.2,0,0.0,0.0,0,0
Geremy Davis,LAC,WR,14,1,0,0,-6,-6.0,-0.1,0,0.0,0.0,-0.2,0.2,0,0.0,0.0,0,0
Ben Roethlisberger,PIT,QB,16,1,1,-1,-1,-1.0,0.0,-1,100.0,0.0,0.0,0.1,0,0.0,0.0,0,0
Kirk Cousins,MIN,QB,16,1,1,-1,-7,-7.0,0.0,-7,100.0,0.0,-0.2,0.2,6,6.0,-600.0,0,0
Spencer Pulley,NYG,C,13,1,1,-2,-2,-2.0,0.0,-2,100.0,0.0,0.0,0.2,0,0.0,0.0,0,0
Ryan Kelly,IND,C,12,1,1,-4,-4,-4.0,0.0,-4,100.0,0.0,-0.1,0.2,0,0.0,0.0,0,0
Joe Staley,SF,OT,16,1,1,-5,-9,-9.0,0.0,-9,100.0,0.0,-0.2,0.2,4,4.0,-80.0,0,0
Matt Schaub,ATL,QB,3,1,1,-7,-7,-7.0,-0.5,-7,100.0,0.0,-0.1,0.2,0,0.0,0.0,0,0
Derek Carr,OAK,QB,16,1,1,-9,0,0.0,0.0,0,0.0,0.0,0.0,0.0,0,0.0,0.0,0,0
Russell Wilson,SEA,QB,16,1,1,-11,-10,-10.0,0.0,-10,100.0,0.0,-0.3,0.2,-1,-1.0,9.1,0,0