,,,,Week 5 Game,,,,Fantasy,Passing,,,Rushing,,,Receiving,,
Rank,Name,Team,Pos,OPP,Fav,Spread,O/U,Points,YDS,TD,INT,ATT,YDS,TD,REC,YDS,TD
1,Patrick Mahomes,KC,QB,LV,KC,-11.0,55.5,28.11,299.92,2.69,0.58,3.70,20.35,0.15,0.00,0.00,0.00
2,Russell Wilson,SEA,QB,MIN,SEA,-7.0,57.0,27.54,305.11,2.47,0.51,3.20,18.91,0.17,0.00,0.00,0.00
3,Dak Prescott,DAL,QB,NYG,DAL,-8.5,54.0,27.38,299.94,2.34,0.75,4.20,22.71,0.25,0.00,0.00,0.00
5,Josh Allen,BUF,QB,TEN,-,-,,26.89,262.13,1.95,0.92,6.40,40.28,0.48,0.00,0.00,0.00
6,Deshaun Watson,HOU,QB,JAX,HOU,-5.5,54.5,26.65,298.25,2.08,0.86,4.80,27.17,0.26,0.00,0.00,0.00
7,Lamar Jackson,BAL,QB,CIN,BAL,-12.5,50.5,26.57,232.15,1.94,0.61,9.50,57.14,0.35,0.00,0.00,0.00
8,Kyler Murray,ARI,QB,NYJ,ARI,-7.5,47.0,25.15,250.87,1.76,0.84,6.90,43.07,0.35,0.00,0.00,0.00
9,Teddy Bridgewater,CAR,QB,ATL,ATL,1,53.5,23.02,293.76,1.84,0.95,3.50,12.61,0.11,0.00,0.00,0.00
10,Matt Ryan,ATL,QB,CAR,ATL,-1.0,53.5,22.94,299.70,1.99,0.78,1.30,3.53,0.07,0.00,0.00,0.00
11,Jared Goff,LAR,QB,WAS,LAR,-7.5,46.5,22.65,288.71,1.82,0.87,3.20,8.44,0.16,0.00,0.00,0.00
12,Drew Brees,NO,QB,LAC,NO,-8.0,50.5,22.35,286.70,2.04,0.49,0.70,1.64,0.03,0.00,0.00,0.00
13,Ben Roethlisberger,PIT,QB,PHI,PIT,-7.0,44.0,22.01,290.75,1.99,0.82,1.00,2.69,0.01,0.00,0.00,0.00
14,Gardner Minshew,JAX,QB,HOU,HOU,5.5,54.5,22.00,265.93,1.84,0.70,3.30,15.60,0.08,0.00,0.00,0.00
15,Daniel Jones,NYG,QB,DAL,DAL,8.5,54.0,21.20,242.49,1.66,1.03,5.60,23.26,0.19,0.00,0.00,0.00
17,Ryan Tannehill,TEN,QB,BUF,-,-,,21.19,239.18,1.66,0.64,3.80,19.15,0.22,0.00,0.00,0.00
18,Justin Herbert,LAC,QB,NO,NO,8,50.5,20.96,243.62,1.64,1.17,3.90,17.10,0.28,0.00,0.00,0.00
19,Jimmy Garoppolo,SF,QB,MIA,SF,-9.0,50.5,20.90,271.31,1.81,0.78,1.50,3.96,0.08,0.00,0.00,0.00
20,Joe Burrow,CIN,QB,BAL,BAL,12.5,50.5,20.90,227.61,1.49,1.02,5.90,27.83,0.30,0.00,0.00,0.00
21,Ryan Fitzpatrick,MIA,QB,SF,SF,9,50.5,20.80,254.70,1.44,1.03,5.50,20.13,0.22,0.00,0.00,0.00
22,Tom Brady,TB,QB,CHI,TB,-3.5,44.0,20.74,270.65,1.78,0.60,0.80,2.04,0.08,0.00,0.00,0.00
23,Kirk Cousins,MIN,QB,SEA,SEA,7,57.0,20.52,267.39,1.73,0.79,2.20,4.84,0.09,0.00,0.00,0.00
24,Philip Rivers,IND,QB,CLE,IND,-1.0,47.5,20.08,270.23,1.81,0.95,0.70,2.16,0.01,0.00,0.00,0.00
25,Baker Mayfield,CLE,QB,IND,IND,1,47.5,19.99,250.28,1.72,0.94,2.20,8.73,0.11,0.00,0.00,0.00
26,Derek Carr,LV,QB,KC,KC,11,55.5,19.75,265.78,1.63,0.66,1.20,3.02,0.05,0.00,0.00,0.00
27,Carson Wentz,PHI,QB,PIT,PIT,7,44.0,19.53,237.56,1.56,0.87,4.00,15.06,0.13,0.00,0.00,0.00
28,Nick Foles,CHI,QB,TB,TB,3.5,44.0,19.25,242.64,1.42,1.02,3.30,8.98,0.26,0.00,0.00,0.00
30,Jarrett Stidham,NE,QB,DEN,NE,-11.0,,19.12,231.25,1.80,0.86,2.90,12.18,0.00,0.00,0.00,0.00
31,Alvin Kamara,NO,RB,LAC,NO,-8.0,50.5,17.88,0.00,0.00,0.00,13.00,71.67,0.71,6.01,49.53,0.25
32,Ezekiel Elliott,DAL,RB,NYG,DAL,-8.5,54.0,17.76,0.00,0.00,0.00,16.20,83.89,0.79,4.92,35.53,0.18
33,Kyle Allen,WAS,QB,LAR,LAR,7.5,46.5,17.75,235.16,1.41,1.02,3.50,8.95,0.08,0.00,0.00,0.00
34,Joe Flacco,NYJ,QB,ARI,ARI,7.5,47.0,17.32,233.24,1.40,0.85,2.20,4.86,0.07,0.00,0.00,0.00
35,Dalvin Cook,MIN,RB,SEA,SEA,7,57.0,16.35,0.00,0.00,0.00,18.80,90.56,0.81,2.68,20.76,0.06
37,Derrick Henry,TEN,RB,BUF,-,-,,15.75,0.00,0.00,0.00,18.20,84.16,0.85,2.13,17.49,0.08
39,Brett Rypien,DEN,QB,NE,NE,11,,15.69,201.78,1.27,1.27,2.80,12.53,0.09,0.00,0.00,0.00
40,Clyde Edwards-Helaire,KC,RB,LV,KC,-11.0,55.5,15.50,0.00,0.00,0.00,16.60,77.97,0.55,3.68,31.47,0.21
41,Kareem Hunt,CLE,RB,IND,IND,1,47.5,14.92,0.00,0.00,0.00,14.40,60.87,0.75,3.86,33.77,0.16
42,Josh Jacobs,LV,RB,KC,KC,11,55.5,13.93,0.00,0.00,0.00,17.00,77.65,0.61,2.51,21.46,0.06
43,Chris Carson,SEA,RB,MIN,SEA,-7.0,57.0,13.73,0.00,0.00,0.00,15.30,71.45,0.60,3.62,23.23,0.11
44,Miles Sanders,PHI,RB,PIT,PIT,7,44.0,13.54,0.00,0.00,0.00,15.90,64.71,0.46,3.88,32.90,0.17
45,Tyreek Hill,KC,WR,LV,KC,-11.0,55.5,13.26,0.00,0.00,0.00,1.21,6.18,0.08,5.62,88.00,0.56
46,DeAndre Hopkins,ARI,WR,NYJ,ARI,-7.5,47.0,13.06,0.00,0.00,0.00,0.30,1.73,0.00,6.99,88.09,0.68
47,Ronald Jones,TB,RB,CHI,TB,-3.5,44.0,13.00,0.00,0.00,0.00,14.00,64.34,0.46,3.32,31.44,0.11
48,James Conner,PIT,RB,PHI,PIT,-7.0,44.0,12.97,0.00,0.00,0.00,14.60,68.81,0.55,2.82,24.29,0.06
49,David Montgomery,CHI,RB,TB,TB,3.5,44.0,12.71,0.00,0.00,0.00,15.80,61.60,0.40,3.30,29.53,0.20
50,Joe Mixon,CIN,RB,BAL,BAL,12.5,50.5,12.64,0.00,0.00,0.00,16.80,70.18,0.51,2.41,20.85,0.08
51,Mike Davis,CAR,RB,ATL,ATL,1,53.5,12.54,0.00,0.00,0.00,14.20,55.61,0.40,5.00,35.03,0.18
52,Jonathan Taylor,IND,RB,CLE,IND,-1.0,47.5,12.52,0.00,0.00,0.00,14.90,71.30,0.52,2.27,18.51,0.07
53,Calvin Ridley,ATL,WR,CAR,ATL,-1.0,53.5,12.28,0.00,0.00,0.00,0.51,3.21,0.00,6.10,83.59,0.60
54,James Robinson,JAX,RB,HOU,HOU,5.5,54.5,12.23,0.00,0.00,0.00,16.20,70.76,0.42,2.83,20.31,0.10
55,Amari Cooper,DAL,WR,NYG,DAL,-8.5,54.0,12.01,0.00,0.00,0.00,0.18,1.10,0.00,6.87,88.95,0.50
56,Michael Thomas,NO,WR,LAC,NO,-8.0,50.5,11.90,0.00,0.00,0.00,0.06,0.30,0.00,7.37,88.72,0.50
57,DK Metcalf,SEA,WR,MIN,SEA,-7.0,57.0,11.80,0.00,0.00,0.00,0.41,2.12,0.00,5.68,82.83,0.55
58,David Johnson,HOU,RB,JAX,HOU,-5.5,54.5,11.75,0.00,0.00,0.00,14.50,59.93,0.46,3.00,23.97,0.10
59,Tyler Lockett,SEA,WR,MIN,SEA,-7.0,57.0,11.64,0.00,0.00,0.00,0.31,2.07,0.00,5.86,84.34,0.50
60,Todd Gurley,ATL,RB,CAR,ATL,-1.0,53.5,11.53,0.00,0.00,0.00,14.20,58.08,0.54,2.83,20.01,0.08
61,Adam Thielen,MIN,WR,SEA,SEA,7,57.0,11.42,0.00,0.00,0.00,0.20,1.17,0.00,6.26,84.23,0.48
62,Allen Robinson,CHI,WR,TB,TB,3.5,44.0,11.00,0.00,0.00,0.00,0.06,0.45,0.00,5.87,78.96,0.51
63,Travis Kelce,KC,TE,LV,KC,-11.0,55.5,10.95,0.00,0.00,0.00,0.00,0.00,0.00,6.15,78.94,0.51
64,Terry McLaurin,WAS,WR,LAR,LAR,7.5,46.5,10.87,0.00,0.00,0.00,0.00,0.00,0.00,5.55,78.13,0.51
65,George Kittle,SF,TE,MIA,SF,-9.0,50.5,10.81,0.00,0.00,0.00,0.00,0.00,0.00,6.12,81.70,0.44
66,Cooper Kupp,LAR,WR,WAS,LAR,-7.5,46.5,10.73,0.00,0.00,0.00,0.13,0.81,0.00,6.07,73.49,0.55
68,Stefon Diggs,BUF,WR,TEN,-,-,,10.62,0.00,0.00,0.00,0.58,3.02,0.00,5.25,73.19,0.50
69,DJ Chark,JAX,WR,HOU,HOU,5.5,54.5,10.56,0.00,0.00,0.00,0.37,1.90,0.00,5.22,74.34,0.49
70,Robby Anderson,CAR,WR,ATL,ATL,1,53.5,10.56,0.00,0.00,0.00,0.00,0.00,0.00,4.94,71.99,0.56
71,Kenyan Drake,ARI,RB,NYJ,ARI,-7.5,47.0,10.55,0.00,0.00,0.00,13.20,63.96,0.41,1.67,13.33,0.06
72,D.J. Moore,CAR,WR,ATL,ATL,1,53.5,10.54,0.00,0.00,0.00,1.01,5.54,0.00,5.60,73.44,0.44
74,A.J. Brown,TEN,WR,BUF,-,-,,10.43,0.00,0.00,0.00,0.70,3.93,0.00,4.69,70.36,0.50
76,Devin Singletary,BUF,RB,TEN,-,-,,10.33,0.00,0.00,0.00,9.70,44.98,0.33,3.58,27.73,0.18
77,Mike Evans,TB,WR,CHI,TB,-3.5,44.0,10.29,0.00,0.00,0.00,0.00,0.00,0.00,4.88,72.30,0.51
78,Raheem Mostert,SF,RB,MIA,SF,-9.0,50.5,10.24,0.00,0.00,0.00,11.10,57.42,0.41,1.81,16.22,0.07
79,Odell Beckham,CLE,WR,IND,IND,1,47.5,10.23,0.45,0.06,0.00,0.23,1.35,0.00,4.85,71.31,0.45
80,Keenan Allen,LAC,WR,NO,NO,8,50.5,10.17,0.00,0.00,0.00,0.14,0.93,0.00,6.34,75.53,0.42
81,Will Fuller,HOU,WR,JAX,HOU,-5.5,54.5,10.13,0.00,0.00,0.00,0.00,0.00,0.00,5.39,74.87,0.44
82,JuJu Smith-Schuster,PIT,WR,PHI,PIT,-7.0,44.0,10.00,0.00,0.00,0.00,0.00,0.00,0.00,5.59,74.80,0.42
83,DeVante Parker,MIA,WR,SF,SF,9,50.5,9.95,0.00,0.00,0.00,0.00,0.00,0.00,4.69,70.65,0.48
84,Robert Woods,LAR,WR,WAS,LAR,-7.5,46.5,9.89,0.00,0.00,0.00,1.19,6.89,0.06,5.65,69.20,0.32
85,Diontae Johnson,PIT,WR,PHI,PIT,-7.0,44.0,9.64,0.00,0.00,0.00,0.62,3.07,0.00,4.90,65.08,0.47
86,Mark Andrews,BAL,TE,CIN,BAL,-12.5,50.5,9.62,0.00,0.00,0.00,0.00,0.00,0.00,5.04,63.16,0.55
87,Darius Slayton,NYG,WR,DAL,DAL,8.5,54.0,9.52,0.00,0.00,0.00,0.00,0.00,0.00,4.71,65.83,0.49
88,Marquise Brown,BAL,WR,CIN,BAL,-12.5,50.5,9.52,0.00,0.00,0.00,0.36,2.33,0.00,4.71,71.29,0.36
89,Antonio Gibson,WAS,RB,LAR,LAR,7.5,46.5,9.40,0.00,0.00,0.00,11.30,44.73,0.31,2.90,23.50,0.12
90,Darren Waller,LV,TE,KC,KC,11,55.5,9.37,0.00,0.00,0.00,0.00,0.00,0.00,5.87,67.88,0.43
91,Julio Jones,ATL,WR,CAR,ATL,-1.0,53.5,9.14,0.00,0.00,0.00,0.10,0.58,0.00,4.92,69.22,0.36
92,CeeDee Lamb,DAL,WR,NYG,DAL,-8.5,54.0,9.13,0.00,0.00,0.00,0.00,0.00,0.00,4.91,65.54,0.43
93,Michael Gallup,DAL,WR,NYG,DAL,-8.5,54.0,9.12,0.00,0.00,0.00,0.00,0.00,0.00,4.79,65.41,0.43
94,Le'Veon Bell,NYJ,RB,ARI,ARI,7.5,47.0,9.10,0.00,0.00,0.00,12.10,45.40,0.26,3.20,24.00,0.10
96,Melvin Gordon,DEN,RB,NE,NE,11,,9.05,0.00,0.00,0.00,13.50,47.53,0.45,1.92,13.55,0.04
97,Mark Ingram,BAL,RB,CIN,BAL,-12.5,50.5,8.94,0.00,0.00,0.00,9.70,51.05,0.40,1.55,11.37,0.05
98,Tyler Boyd,CIN,WR,BAL,BAL,12.5,50.5,8.90,0.00,0.00,0.00,0.36,1.79,0.00,4.95,65.61,0.36
99,Myles Gaskin,MIA,RB,SF,SF,9,50.5,8.90,0.00,0.00,0.00,11.70,46.99,0.22,3.37,24.05,0.08
100,Joshua Kelley,LAC,RB,NO,NO,8,50.5,8.83,0.00,0.00,0.00,13.10,46.91,0.39,1.97,14.94,0.05
102,Julian Edelman,NE,WR,DEN,-,-,,8.72,0.00,0.00,0.00,0.22,1.23,0.00,6.22,66.14,0.33
103,Justin Jefferson,MIN,WR,SEA,SEA,7,57.0,8.72,0.00,0.00,0.00,0.00,0.00,0.00,4.92,62.64,0.41
104,Jamison Crowder,NYJ,WR,ARI,ARI,7.5,47.0,8.70,0.00,0.00,0.00,0.08,0.53,0.00,6.11,63.62,0.38
105,Devonta Freeman,NYG,RB,DAL,DAL,8.5,54.0,8.67,0.00,0.00,0.00,9.70,38.01,0.34,2.34,18.13,0.17
107,Jerry Jeudy,DEN,WR,NE,NE,11,,8.54,0.00,0.00,0.00,0.26,1.29,0.00,4.86,60.70,0.39
109,Damien Harris,NE,RB,DEN,NE,-11.0,,8.53,0.00,0.00,0.00,12.50,55.22,0.41,0.61,4.92,0.01
110,Darrell Henderson,LAR,RB,WAS,LAR,-7.5,46.5,8.44,0.00,0.00,0.00,9.90,46.00,0.33,1.54,15.03,0.06
112,John Brown,BUF,WR,TEN,-,-,,8.38,0.00,0.00,0.00,0.14,0.81,0.00,4.01,58.38,0.41
113,Scotty Miller,TB,WR,CHI,TB,-3.5,44.0,8.16,0.00,0.00,0.00,0.34,2.00,0.00,4.17,64.00,0.26
114,Mike Williams,LAC,WR,NO,NO,8,50.5,8.16,0.00,0.00,0.00,0.00,0.00,0.00,3.35,52.20,0.49
115,T.Y. Hilton,IND,WR,CLE,IND,-1.0,47.5,8.05,0.00,0.00,0.00,0.11,0.75,0.00,4.30,56.38,0.39
116,Deebo Samuel,SF,WR,MIA,SF,-9.0,50.5,7.99,0.00,0.00,0.00,0.81,4.86,0.00,3.54,47.99,0.45
117,Sammy Watkins,KC,WR,LV,KC,-11.0,55.5,7.91,0.00,0.00,0.00,0.41,1.62,0.00,4.50,56.51,0.35
118,Golden Tate,NYG,WR,DAL,DAL,8.5,54.0,7.87,0.00,0.00,0.00,0.28,1.40,0.00,3.83,52.06,0.42
119,Brandon Aiyuk,SF,WR,MIA,SF,-9.0,50.5,7.70,0.00,0.00,0.00,0.80,4.25,0.00,3.93,54.13,0.31
121,Rex Burkhead,NE,RB,DEN,NE,-11.0,,7.54,0.00,0.00,0.00,7.50,37.16,0.26,2.10,18.45,0.07
122,Latavius Murray,NO,RB,LAC,NO,-8.0,50.5,7.38,0.00,0.00,0.00,7.80,40.15,0.30,1.65,12.63,0.05
124,James White,NE,RB,DEN,-,-,,7.24,0.00,0.00,0.00,4.20,16.16,0.09,5.00,39.47,0.19
125,Tee Higgins,CIN,WR,BAL,BAL,12.5,50.5,7.19,0.00,0.00,0.00,0.00,0.00,0.00,3.86,53.31,0.31
127,N'Keal Harry,NE,WR,DEN,NE,-11.0,,7.13,0.00,0.00,0.00,0.48,3.05,0.00,4.20,43.68,0.41
128,Zach Ertz,PHI,TE,PIT,PIT,7,44.0,7.13,0.00,0.00,0.00,0.00,0.00,0.00,4.63,50.25,0.35
129,Laviska Shenault,JAX,WR,HOU,HOU,5.5,54.5,7.08,0.00,0.00,0.00,1.51,7.53,0.06,3.53,45.82,0.23
130,Brandin Cooks,HOU,WR,JAX,HOU,-5.5,54.5,7.08,0.00,0.00,0.00,0.40,1.93,0.00,3.41,55.02,0.23
132,Jonnu Smith,TEN,TE,BUF,-,-,,7.02,0.00,0.00,0.00,0.00,0.00,0.00,4.49,49.16,0.35
133,Ke'Shawn Vaughn,TB,RB,CHI,TB,-3.5,44.0,7.00,0.00,0.00,0.00,5.90,24.93,0.15,3.16,22.90,0.22
134,Hunter Henry,LAC,TE,NO,NO,8,50.5,6.92,0.00,0.00,0.00,0.00,0.00,0.00,4.17,48.16,0.35
136,Zack Moss,BUF,RB,TEN,-,-,,6.90,0.00,0.00,0.00,8.10,34.44,0.26,1.94,15.98,0.05
137,Jerick McKinnon,SF,RB,MIA,SF,-9.0,50.5,6.88,0.00,0.00,0.00,5.80,27.76,0.15,3.03,25.47,0.11
138,Greg Ward,PHI,WR,PIT,PIT,7,44.0,6.77,0.00,0.00,0.00,0.36,1.78,0.00,4.75,53.87,0.20
139,A.J. Green,CIN,WR,BAL,BAL,12.5,50.5,6.71,0.00,0.00,0.00,0.00,0.00,0.00,3.52,46.73,0.34
140,Evan Engram,NYG,TE,DAL,DAL,8.5,54.0,6.68,0.00,0.00,0.00,0.00,0.00,0.00,4.87,48.80,0.30
141,Hayden Hurst,ATL,TE,CAR,ATL,-1.0,53.5,6.63,0.00,0.00,0.00,0.00,0.00,0.00,4.01,45.91,0.34
142,Jarvis Landry,CLE,WR,IND,IND,1,47.5,6.60,0.00,0.00,0.00,0.19,0.93,0.00,3.93,48.26,0.28
143,Jared Cook,NO,TE,LAC,NO,-8.0,50.5,6.60,0.00,0.00,0.00,0.00,0.00,0.00,3.14,42.03,0.40
144,Russell Gage,ATL,WR,CAR,ATL,-1.0,53.5,6.58,0.00,0.00,0.00,0.00,0.00,0.00,5.07,52.60,0.22
145,Tre'Quan Smith,NO,WR,LAC,NO,-8.0,50.5,6.55,0.00,0.00,0.00,0.00,0.00,0.00,3.53,42.11,0.39
146,Randall Cobb,HOU,WR,JAX,HOU,-5.5,54.5,6.54,0.00,0.00,0.00,0.14,0.88,0.00,3.53,52.53,0.20
147,Dalton Schultz,DAL,TE,NYG,DAL,-8.5,54.0,6.45,0.00,0.00,0.00,0.00,0.00,0.00,4.51,42.89,0.36
148,Keelan Cole,JAX,WR,HOU,HOU,5.5,54.5,6.45,0.00,0.00,0.00,0.29,1.75,0.00,3.65,45.36,0.29
149,Hunter Renfrow,LV,WR,KC,KC,11,55.5,6.38,0.00,0.00,0.00,0.00,0.00,0.00,3.75,48.82,0.25
150,Christian Kirk,ARI,WR,NYJ,ARI,-7.5,47.0,6.37,0.00,0.00,0.00,0.34,1.95,0.00,3.85,44.92,0.28
151,Emmanuel Sanders,NO,WR,LAC,NO,-8.0,50.5,6.19,0.00,0.00,0.00,0.00,0.00,0.00,3.45,47.49,0.24
152,Chase Edmonds,ARI,RB,NYJ,ARI,-7.5,47.0,6.19,0.00,0.00,0.00,6.60,29.45,0.06,3.40,22.81,0.10
153,James Washington,PIT,WR,PHI,PIT,-7.0,44.0,6.17,0.00,0.00,0.00,0.00,0.00,0.00,3.21,44.25,0.29
154,Duke Johnson,HOU,RB,JAX,HOU,-5.5,54.5,6.16,0.00,0.00,0.00,4.90,24.42,0.10,3.02,24.56,0.11
155,Eric Ebron,PIT,TE,PHI,PIT,-7.0,44.0,6.15,0.00,0.00,0.00,0.00,0.00,0.00,3.97,44.10,0.29
156,Henry Ruggs,LV,WR,KC,KC,11,55.5,6.12,0.00,0.00,0.00,0.37,1.75,0.00,3.30,47.48,0.20
157,Darnell Mooney,CHI,WR,TB,TB,3.5,44.0,6.12,0.00,0.00,0.00,0.00,0.00,0.00,3.38,47.36,0.23
158,Zach Pascal,IND,WR,CLE,IND,-1.0,47.5,6.11,0.00,0.00,0.00,0.20,1.43,0.00,3.54,50.65,0.15
159,Anthony Miller,CHI,WR,TB,TB,3.5,44.0,6.07,0.00,0.00,0.00,0.18,1.07,0.00,3.20,43.42,0.27
160,Rob Gronkowski,TB,TE,CHI,TB,-3.5,44.0,6.04,0.00,0.00,0.00,0.00,0.00,0.00,3.07,38.15,0.37
161,Austin Hooper,CLE,TE,IND,IND,1,47.5,6.03,0.00,0.00,0.00,0.00,0.00,0.00,3.67,38.05,0.37
162,Mike Gesicki,MIA,TE,SF,SF,9,50.5,6.01,0.00,0.00,0.00,0.00,0.00,0.00,3.61,42.11,0.30
163,Justin Jackson,LAC,RB,NO,NO,8,50.5,6.00,0.00,0.00,0.00,7.80,28.62,0.21,1.96,15.73,0.05
164,Curtis Samuel,CAR,WR,ATL,ATL,1,53.5,6.00,0.00,0.00,0.00,0.90,5.14,0.06,2.96,36.29,0.25
165,Jimmy Graham,CHI,TE,TB,TB,3.5,44.0,5.89,0.00,0.00,0.00,0.00,0.00,0.00,3.21,38.46,0.34
167,Phillip Lindsay,DEN,RB,NE,-,-,,5.71,0.00,0.00,0.00,7.80,30.32,0.21,1.45,10.56,0.06
168,Cam Akers,LAR,RB,WAS,LAR,-7.5,46.5,5.68,0.00,0.00,0.00,6.30,30.45,0.21,1.31,11.91,0.03
169,Tyler Higbee,LAR,TE,WAS,LAR,-7.5,46.5,5.67,0.00,0.00,0.00,0.00,0.00,0.00,3.53,39.91,0.28
170,Isaiah Ford,MIA,WR,SF,SF,9,50.5,5.59,0.00,0.00,0.00,0.37,2.28,0.00,4.20,42.84,0.18
171,J.K. Dobbins,BAL,RB,CIN,BAL,-12.5,50.5,5.59,0.00,0.00,0.00,5.20,26.91,0.18,1.79,14.61,0.06
172,Nyheim Hines,IND,RB,CLE,IND,-1.0,47.5,5.58,0.00,0.00,0.00,3.50,15.47,0.09,3.61,27.16,0.13
173,Chris Thompson,JAX,RB,HOU,HOU,5.5,54.5,5.57,0.00,0.00,0.00,3.50,14.21,0.11,3.04,27.05,0.13
174,Greg Olsen,SEA,TE,MIN,SEA,-7.0,57.0,5.54,0.00,0.00,0.00,0.00,0.00,0.00,3.81,42.82,0.21
176,Damiere Byrd,NE,WR,DEN,NE,-11.0,,5.46,0.00,0.00,0.00,0.00,0.00,0.00,4.21,44.44,0.17
177,Alexander Mattison,MIN,RB,SEA,SEA,7,57.0,5.42,0.00,0.00,0.00,6.40,29.11,0.19,1.48,11.86,0.03
178,Tyler Eifert,JAX,TE,HOU,HOU,5.5,54.5,5.40,0.00,0.00,0.00,0.00,0.00,0.00,3.46,32.99,0.35
179,Darren Fells,HOU,TE,JAX,HOU,-5.5,54.5,5.38,0.00,0.00,0.00,0.00,0.00,0.00,3.38,35.20,0.31
180,Josh Reynolds,LAR,WR,WAS,LAR,-7.5,46.5,5.30,0.00,0.00,0.00,0.26,1.34,0.00,2.74,36.62,0.25
181,Dontrelle Inman,WAS,WR,LAR,LAR,7.5,46.5,5.28,0.00,0.00,0.00,0.00,0.00,0.00,3.46,40.22,0.21
182,Larry Fitzgerald,ARI,WR,NYJ,ARI,-7.5,47.0,5.28,0.00,0.00,0.00,0.00,0.00,0.00,4.00,40.82,0.20
183,Kendrick Bourne,SF,WR,MIA,SF,-9.0,50.5,5.27,0.00,0.00,0.00,0.00,0.00,0.00,3.42,41.26,0.19
184,Logan Thomas,WAS,TE,LAR,LAR,7.5,46.5,5.26,0.00,0.00,0.00,0.00,0.00,0.00,3.80,38.20,0.24
185,Chris Herndon,NYJ,TE,ARI,ARI,7.5,47.0,5.19,0.00,0.00,0.00,0.00,0.00,0.00,3.34,35.73,0.27
186,Miles Boykin,BAL,WR,CIN,BAL,-12.5,50.5,5.16,0.00,0.00,0.00,0.00,0.00,0.00,2.85,34.81,0.28
187,D'Ernest Johnson,CLE,RB,IND,IND,1,47.5,5.05,0.00,0.00,0.00,7.20,31.68,0.19,0.73,6.20,0.02
188,Brian Hill,ATL,RB,CAR,ATL,-1.0,53.5,5.05,0.00,0.00,0.00,6.40,28.49,0.17,1.56,10.05,0.03
189,Darrel Williams,KC,RB,LV,KC,-11.0,55.5,4.98,0.00,0.00,0.00,4.40,20.79,0.14,2.75,19.97,0.01
190,J.D. McKissic,WAS,RB,LAR,LAR,7.5,46.5,4.97,0.00,0.00,0.00,4.20,16.08,0.08,2.64,24.61,0.07
191,Gus Edwards,BAL,RB,CIN,BAL,-12.5,50.5,4.97,0.00,0.00,0.00,6.30,34.02,0.22,0.27,1.86,0.01
192,Isaiah Wright,WAS,WR,LAR,LAR,7.5,46.5,4.96,0.00,0.00,0.00,1.31,9.55,0.00,3.65,31.04,0.15
194,Tim Patrick,DEN,WR,NE,NE,11,,4.96,0.00,0.00,0.00,0.00,0.00,0.00,2.97,41.83,0.13
195,David Moore,SEA,WR,MIN,SEA,-7.0,57.0,4.93,0.00,0.00,0.00,0.29,1.80,0.00,2.08,30.67,0.28
197,Cole Beasley,BUF,WR,TEN,-,-,,4.91,0.00,0.00,0.00,0.00,0.00,0.00,3.17,35.25,0.23
198,Preston Williams,MIA,WR,SF,SF,9,50.5,4.86,0.00,0.00,0.00,0.00,0.00,0.00,2.60,36.62,0.20
199,Chase Claypool,PIT,WR,PHI,PIT,-7.0,44.0,4.82,0.00,0.00,0.00,0.00,0.00,0.00,2.60,33.17,0.25
200,Malcolm Brown,LAR,RB,WAS,LAR,-7.5,46.5,4.73,0.00,0.00,0.00,5.70,25.14,0.17,2.44,11.31,0.01
201,Drew Sample,CIN,TE,BAL,BAL,12.5,50.5,4.64,0.00,0.00,0.00,0.00,0.00,0.00,3.24,32.56,0.23
202,Olamide Zaccheaus,ATL,WR,CAR,ATL,-1.0,53.5,4.63,0.00,0.00,0.00,0.00,0.00,0.00,2.73,33.65,0.21
204,Kalif Raymond,TEN,WR,BUF,-,-,,4.42,0.00,0.00,0.00,0.00,0.00,0.00,3.12,36.96,0.12
205,Cedrick Wilson,DAL,WR,NYG,DAL,-8.5,54.0,4.39,0.00,0.00,0.00,0.00,0.00,0.00,3.05,35.52,0.14
206,Chris Hogan,NYJ,WR,ARI,ARI,7.5,47.0,4.39,0.00,0.00,0.00,0.00,0.00,0.00,3.94,40.34,0.06
207,Jordan Wilkins,IND,RB,CLE,IND,-1.0,47.5,4.37,0.00,0.00,0.00,5.80,26.66,0.18,0.76,5.63,0.01
208,Tony Pollard,DAL,RB,NYG,DAL,-8.5,54.0,4.20,0.00,0.00,0.00,3.40,18.50,0.14,1.69,12.08,0.05
209,Giovani Bernard,CIN,RB,BAL,BAL,12.5,50.5,4.19,0.00,0.00,0.00,3.00,11.64,0.06,2.67,21.86,0.08
210,Ian Thomas,CAR,TE,ATL,ATL,1,53.5,4.16,0.00,0.00,0.00,0.00,0.00,0.00,3.13,30.78,0.18
211,Mecole Hardman,KC,WR,LV,KC,-11.0,55.5,4.08,0.00,0.00,0.00,0.19,1.41,0.00,1.69,27.98,0.19
212,Nelson Agholor,LV,WR,KC,KC,11,55.5,4.04,0.00,0.00,0.00,0.23,0.90,0.00,2.66,26.29,0.22
213,Carlos Hyde,SEA,RB,MIN,SEA,-7.0,57.0,4.04,0.00,0.00,0.00,5.30,24.57,0.17,0.64,4.98,0.01
214,Chris Conley,JAX,WR,HOU,HOU,5.5,54.5,4.02,0.00,0.00,0.00,0.00,0.00,0.00,1.80,28.77,0.19
215,Dion Lewis,NYG,RB,DAL,DAL,8.5,54.0,4.02,0.00,0.00,0.00,3.90,15.10,0.05,2.38,16.71,0.09
216,Kenny Stills,HOU,WR,JAX,HOU,-5.5,54.5,3.98,0.00,0.00,0.00,0.00,0.00,0.00,1.82,30.24,0.16
217,Andy Isabella,ARI,WR,NYJ,ARI,-7.5,47.0,3.98,0.00,0.00,0.00,0.37,2.14,0.00,1.51,22.05,0.26
219,Gabriel Davis,BUF,WR,TEN,-,-,,3.96,0.00,0.00,0.00,0.00,0.00,0.00,2.02,30.57,0.15
220,Jack Doyle,IND,TE,CLE,IND,-1.0,47.5,3.92,0.00,0.00,0.00,0.00,0.00,0.00,2.55,25.42,0.23
222,Dawson Knox,BUF,TE,TEN,-,-,,3.85,0.00,0.00,0.00,0.00,0.00,0.00,2.55,25.30,0.22
223,Dan Arnold,ARI,TE,NYJ,ARI,-7.5,47.0,3.80,0.00,0.00,0.00,0.00,0.00,0.00,2.17,27.77,0.17
224,Jordan Howard,MIA,RB,SF,SF,9,50.5,3.75,0.00,0.00,0.00,4.50,16.20,0.32,0.17,1.53,0.01
225,Willie Snead,BAL,WR,CIN,BAL,-12.5,50.5,3.73,0.00,0.00,0.00,0.00,0.00,0.00,2.25,24.13,0.22
226,Jeff Wilson,SF,RB,MIA,SF,-9.0,50.5,3.67,0.00,0.00,0.00,4.20,17.92,0.14,0.69,6.15,0.07
227,John Hightower,PHI,WR,PIT,PIT,7,44.0,3.67,0.00,0.00,0.00,0.26,1.56,0.00,2.01,31.57,0.06
228,Jeff Smith,NYJ,WR,ARI,ARI,7.5,47.0,3.58,0.00,0.00,0.00,0.00,0.00,0.00,2.89,29.77,0.10
229,Jalen Richard,LV,RB,KC,KC,11,55.5,3.55,0.00,0.00,0.00,2.00,8.23,0.05,2.49,20.69,0.06
230,Ross Dwelley,SF,TE,MIA,SF,-9.0,50.5,3.47,0.00,0.00,0.00,0.00,0.00,0.00,2.52,23.90,0.18
231,Trey Burton,IND,TE,CLE,IND,-1.0,47.5,3.37,0.00,0.00,0.00,0.00,0.00,0.00,2.14,22.94,0.18
232,David Njoku,CLE,TE,IND,IND,1,47.5,3.34,0.00,0.00,0.00,0.00,0.00,0.00,2.12,22.60,0.18
233,Cameron Brate,TB,TE,CHI,TB,-3.5,44.0,3.29,0.00,0.00,0.00,0.00,0.00,0.00,2.40,22.69,0.17
235,Darrynton Evans,TEN,RB,BUF,-,-,,3.28,0.00,0.00,0.00,2.20,10.06,0.05,2.10,17.32,0.04
236,Jakeem Grant,MIA,WR,SF,SF,9,50.5,3.28,0.00,0.00,0.00,0.34,1.51,0.00,1.73,25.28,0.10
237,Frank Gore,NYJ,RB,ARI,ARI,7.5,47.0,3.28,0.00,0.00,0.00,6.50,21.96,0.09,0.68,4.85,0.01
238,Tyler Johnson,TB,WR,CHI,TB,-3.5,44.0,3.25,0.00,0.00,0.00,0.00,0.00,0.00,2.28,24.66,0.13
239,Matt Breida,MIA,RB,SF,SF,9,50.5,3.25,0.00,0.00,0.00,4.30,18.47,0.12,0.56,6.20,0.01
240,Mo Alie-Cox,IND,TE,CLE,IND,-1.0,47.5,3.22,0.00,0.00,0.00,0.00,0.00,0.00,2.13,19.56,0.21
241,Will Dissly,SEA,TE,MIN,SEA,-7.0,57.0,3.21,0.00,0.00,0.00,0.00,0.00,0.00,1.60,19.45,0.21
242,Boston Scott,PHI,RB,PIT,PIT,7,44.0,3.19,0.00,0.00,0.00,4.10,15.52,0.08,1.21,9.77,0.03
243,Taysom Hill,NO,QB,LAC,NO,-8.0,50.5,3.13,2.97,0.16,0.00,1.30,7.08,0.09,0.50,4.98,0.10
244,Noah Brown,DAL,WR,NYG,DAL,-8.5,54.0,3.13,0.00,0.00,0.00,0.00,0.00,0.00,2.14,25.92,0.09
245,Demarcus Robinson,KC,WR,LV,KC,-11.0,55.5,3.09,0.00,0.00,0.00,0.00,0.00,0.00,1.71,23.08,0.13
246,Dontrell Hilliard,CLE,RB,IND,IND,1,47.5,3.09,0.00,0.00,0.00,3.20,10.35,0.01,1.76,17.53,0.04
247,Ryan Nall,CHI,RB,TB,TB,3.5,44.0,3.07,0.00,0.00,0.00,2.80,11.51,0.13,1.16,10.18,0.02
248,Benny Snell,PIT,RB,PHI,PIT,-7.0,44.0,2.99,0.00,0.00,0.00,4.70,20.81,0.07,0.60,4.32,0.01
249,Anthony McFarland,PIT,RB,PHI,PIT,-7.0,44.0,2.95,0.00,0.00,0.00,3.80,16.66,0.14,0.55,3.86,0.01
250,Kyle Rudolph,MIN,TE,SEA,SEA,7,57.0,2.93,0.00,0.00,0.00,0.00,0.00,0.00,2.05,19.12,0.17
251,Kaden Smith,NYG,TE,DAL,DAL,8.5,54.0,2.90,0.00,0.00,0.00,0.00,0.00,0.00,1.94,20.56,0.14
253,DaeSean Hamilton,DEN,WR,NE,NE,11,,2.88,0.00,0.00,0.00,0.00,0.00,0.00,1.95,23.43,0.09
254,Nick Boyle,BAL,TE,CIN,BAL,-12.5,50.5,2.88,0.00,0.00,0.00,0.00,0.00,0.00,2.11,23.37,0.09
255,Damion Ratley,NYG,WR,DAL,DAL,8.5,54.0,2.86,0.00,0.00,0.00,0.00,0.00,0.00,1.13,17.80,0.18
256,Travis Homer,SEA,RB,MIN,SEA,-7.0,57.0,2.82,0.00,0.00,0.00,2.70,13.86,0.03,2.23,11.29,0.02
257,Jalen Guyton,LAC,WR,NO,NO,8,50.5,2.75,0.00,0.00,0.00,0.00,0.00,0.00,1.67,20.86,0.11
259,Nick Westbrook-Ikhine,TEN,WR,BUF,-,-,,2.74,0.00,0.00,0.00,0.00,0.00,0.00,1.68,17.80,0.16
260,Vance McDonald,PIT,TE,PHI,PIT,-7.0,44.0,2.74,0.00,0.00,0.00,0.00,0.00,0.00,1.87,19.61,0.13
261,Cordarrelle Patterson,CHI,WR,TB,TB,3.5,44.0,2.72,0.00,0.00,0.00,2.73,11.22,0.08,0.65,6.42,0.08
262,Peyton Barber,WAS,RB,LAR,LAR,7.5,46.5,2.72,0.00,0.00,0.00,3.70,12.77,0.19,0.34,2.40,0.01
264,Jake Butt,DEN,TE,NE,NE,11,,2.70,0.00,0.00,0.00,0.00,0.00,0.00,1.93,19.21,0.13
266,Anthony Firkser,TEN,TE,BUF,-,-,,2.64,0.00,0.00,0.00,0.00,0.00,0.00,1.48,18.00,0.14
267,Richard Rodgers,PHI,TE,PIT,PIT,7,44.0,2.63,0.00,0.00,0.00,0.00,0.00,0.00,2.45,21.51,0.08
268,Jordan Akins,HOU,TE,JAX,HOU,-5.5,54.5,2.62,0.00,0.00,0.00,0.00,0.00,0.00,1.78,17.84,0.14
269,Ito Smith,ATL,RB,CAR,ATL,-1.0,53.5,2.60,0.00,0.00,0.00,1.80,8.24,0.09,1.13,9.37,0.05
270,Van Jefferson,LAR,WR,WAS,LAR,-7.5,46.5,2.57,0.00,0.00,0.00,0.00,0.00,0.00,1.52,19.66,0.10
271,Irv Smith,MIN,TE,SEA,SEA,7,57.0,2.52,0.00,0.00,0.00,0.00,0.00,0.00,1.83,18.04,0.12
272,J.J. Arcega-Whiteside,PHI,WR,PIT,PIT,7,44.0,2.47,0.00,0.00,0.00,0.00,0.00,0.00,1.40,18.69,0.10
273,James O'Shaughnessy,JAX,TE,HOU,HOU,5.5,54.5,2.46,0.00,0.00,0.00,0.00,0.00,0.00,1.68,18.04,0.11
274,Gerald Everett,LAR,TE,WAS,LAR,-7.5,46.5,2.44,0.00,0.00,0.00,0.00,0.00,0.00,1.74,16.60,0.13
275,Chad Beebe,MIN,WR,SEA,SEA,7,57.0,2.41,0.00,0.00,0.00,0.00,0.00,0.00,2.36,19.86,0.07
276,Dare Ogunbowale,JAX,RB,HOU,HOU,5.5,54.5,2.40,0.00,0.00,0.00,3.80,13.71,0.01,1.23,9.10,0.01
277,Travis Fulgham,PHI,WR,PIT,PIT,7,44.0,2.35,0.00,0.00,0.00,0.00,0.00,0.00,1.87,19.90,0.06
278,Devontae Booker,LV,RB,KC,KC,11,55.5,2.32,0.00,0.00,0.00,3.70,15.73,0.07,0.30,2.66,0.01
279,Wayne Gallman,NYG,RB,DAL,DAL,8.5,54.0,2.32,0.00,0.00,0.00,3.80,14.20,0.07,0.57,4.16,0.01
280,Blake Bell,DAL,TE,NYG,DAL,-8.5,54.0,2.26,0.00,0.00,0.00,0.00,0.00,0.00,1.60,17.75,0.08
281,Auden Tate,CIN,WR,BAL,BAL,12.5,50.5,2.22,0.00,0.00,0.00,0.00,0.00,0.00,1.11,16.82,0.09
282,Cyril Grayson,TB,WR,CHI,TB,-3.5,44.0,2.06,0.00,0.00,0.00,0.00,0.00,0.00,1.48,17.02,0.06
283,Braxton Berrios,NYJ,WR,ARI,ARI,7.5,47.0,1.91,0.00,0.00,0.00,0.00,0.00,0.00,1.68,14.87,0.07
284,Mike Thomas,CIN,WR,BAL,BAL,12.5,50.5,1.89,0.00,0.00,0.00,0.00,0.00,0.00,1.49,15.34,0.06
286,Isaiah McKenzie,BUF,WR,TEN,-,-,,1.88,0.00,0.00,0.00,0.31,1.80,0.00,1.18,14.04,0.05
288,Ryan Izzo,NE,TE,DEN,NE,-11.0,,1.84,0.00,0.00,0.00,0.00,0.00,0.00,1.11,11.20,0.12
289,Ryan Griffin,NYJ,TE,ARI,ARI,7.5,47.0,1.80,0.00,0.00,0.00,0.00,0.00,0.00,1.13,11.38,0.11
290,Quez Watkins,PHI,WR,PIT,PIT,7,44.0,1.70,0.00,0.00,0.00,0.00,0.00,0.00,1.40,17.01,0.00
291,La'Mical Perine,NYJ,RB,ARI,ARI,7.5,47.0,1.70,0.00,0.00,0.00,1.40,5.62,0.06,0.59,5.94,0.03
292,Freddie Swain,SEA,WR,MIN,SEA,-7.0,57.0,1.69,0.00,0.00,0.00,0.00,0.00,0.00,1.00,13.27,0.06
293,C.J. Board,NYG,WR,DAL,DAL,8.5,54.0,1.68,0.00,0.00,0.00,0.00,0.00,0.00,1.32,13.15,0.06
295,Dalton Keene,NE,TE,DEN,NE,-11.0,,1.66,0.00,0.00,0.00,0.00,0.00,0.00,1.25,11.78,0.08
296,Foster Moreau,LV,TE,KC,KC,11,55.5,1.64,0.00,0.00,0.00,0.00,0.00,0.00,1.05,11.04,0.09
297,Daurice Fountain,IND,WR,CLE,IND,-1.0,47.5,1.61,0.00,0.00,0.00,0.00,0.00,0.00,1.13,12.51,0.06
298,Harrison Bryant,CLE,TE,IND,IND,1,47.5,1.61,0.00,0.00,0.00,0.00,0.00,0.00,1.09,11.93,0.07
299,Artavis Pierce,CHI,RB,TB,TB,3.5,44.0,1.60,0.00,0.00,0.00,3.10,12.45,0.01,0.26,2.37,0.01
300,Trenton Cannon,CAR,RB,ATL,ATL,1,53.5,1.60,0.00,0.00,0.00,3.40,12.33,0.03,0.27,1.24,0.01
301,Devin Duvernay,BAL,WR,CIN,BAL,-12.5,50.5,1.54,0.00,0.00,0.00,0.00,0.00,0.00,0.88,10.64,0.08
302,Zay Jones,LV,WR,KC,KC,11,55.5,1.53,0.00,0.00,0.00,0.00,0.00,0.00,1.18,12.86,0.04
303,Adam Trautman,NO,TE,LAC,NO,-8.0,50.5,1.53,0.00,0.00,0.00,0.00,0.00,0.00,1.22,12.33,0.05
304,Seth Roberts,CAR,WR,ATL,ATL,1,53.5,1.49,0.00,0.00,0.00,0.00,0.00,0.00,0.94,11.94,0.05
305,Rashard Higgins,CLE,WR,IND,IND,1,47.5,1.45,0.00,0.00,0.00,0.00,0.00,0.00,0.88,11.48,0.05
306,Josh Hill,NO,TE,LAC,NO,-8.0,50.5,1.44,0.00,0.00,0.00,0.00,0.00,0.00,1.03,9.63,0.08
308,Nick Vannett,DEN,TE,NE,NE,11,,1.37,0.00,0.00,0.00,0.00,0.00,0.00,1.32,13.71,0.00
309,Jason Witten,LV,TE,KC,KC,11,55.5,1.36,0.00,0.00,0.00,0.00,0.00,0.00,1.07,10.02,0.06
310,Tyron Johnson,LAC,WR,NO,NO,8,50.5,1.28,0.00,0.00,0.00,0.00,0.00,0.00,0.31,8.02,0.08
312,Jeremy McNichols,TEN,RB,BUF,-,-,,1.25,0.00,0.00,0.00,0.60,2.46,0.01,1.12,8.87,0.01
314,Royce Freeman,DEN,RB,NE,NE,11,,1.20,0.00,0.00,0.00,1.80,6.34,0.05,0.24,2.02,0.01
315,Ted Ginn,CHI,WR,TB,TB,3.5,44.0,1.19,0.00,0.00,0.00,0.05,0.27,0.00,0.61,9.78,0.03
316,Jaydon Mickens,TB,WR,CHI,TB,-3.5,44.0,1.16,0.00,0.00,0.00,0.00,0.00,0.00,0.98,11.61,0.00
317,Jaylen Samuels,PIT,RB,PHI,PIT,-7.0,44.0,1.15,0.00,0.00,0.00,0.50,1.99,0.03,0.78,5.88,0.03
318,Antonio Gandy-Golden,WAS,WR,LAR,LAR,7.5,46.5,1.13,0.00,0.00,0.00,0.11,1.09,0.00,0.58,7.81,0.04
320,Tyler Kroft,BUF,TE,TEN,-,-,,1.06,0.00,0.00,0.00,0.00,0.00,0.00,0.73,7.56,0.05
321,Darrell Daniels,ARI,TE,NYJ,ARI,-7.5,47.0,1.06,0.00,0.00,0.00,0.00,0.00,0.00,0.74,6.99,0.06
322,KJ Hill,LAC,WR,NO,NO,8,50.5,1.02,0.00,0.00,0.00,0.00,0.00,0.00,0.70,8.37,0.03
323,C.J. Prosise,HOU,RB,JAX,HOU,-5.5,54.5,1.01,0.00,0.00,0.00,0.80,3.70,0.05,0.25,2.21,0.02
324,Trent Taylor,SF,WR,MIA,SF,-9.0,50.5,1.00,0.00,0.00,0.00,0.00,0.00,0.00,0.81,8.16,0.03
325,Corey Clement,PHI,RB,PIT,PIT,7,44.0,0.99,0.00,0.00,0.00,1.70,6.42,0.02,0.41,1.64,0.01
326,Cethan Carter,CIN,TE,BAL,BAL,12.5,50.5,0.98,0.00,0.00,0.00,0.00,0.00,0.00,0.83,7.39,0.04
327,Cole Kmet,CHI,TE,TB,TB,3.5,44.0,0.97,0.00,0.00,0.00,0.00,0.00,0.00,0.74,7.32,0.04
328,KeeSean Johnson,ARI,WR,NYJ,ARI,-7.5,47.0,0.97,0.00,0.00,0.00,0.00,0.00,0.00,0.73,8.54,0.02
329,Jason Moore,LAC,WR,NO,NO,8,50.5,0.92,0.00,0.00,0.00,0.00,0.00,0.00,0.77,9.15,0.00
330,Breshad Perriman,NYJ,WR,ARI,ARI,7.5,47.0,0.91,0.00,0.00,0.00,0.04,0.22,0.00,0.40,6.46,0.04
331,Leonard Fournette,TB,RB,CHI,TB,-3.5,44.0,0.91,0.00,0.00,0.00,1.10,4.85,0.04,0.13,1.29,0.01
332,JaMycal Hasty,SF,RB,MIA,SF,-9.0,50.5,0.89,0.00,0.00,0.00,1.00,4.44,0.04,0.15,1.48,0.01
334,Cam Newton,NE,QB,DEN,NE,-11.0,,0.88,10.23,0.06,0.03,0.20,0.99,0.01,0.00,0.00,0.00
335,Tanner Hudson,TB,TE,CHI,TB,-3.5,44.0,0.87,0.00,0.00,0.00,0.00,0.00,0.00,0.75,6.85,0.03
336,Jacob Hollister,SEA,TE,MIN,SEA,-7.0,57.0,0.86,0.00,0.00,0.00,0.00,0.00,0.00,0.76,7.37,0.02
337,Christian Blake,ATL,WR,CAR,ATL,-1.0,53.5,0.85,0.00,0.00,0.00,0.00,0.00,0.00,0.90,8.48,0.00
339,Diontae Spencer,DEN,WR,NE,NE,11,,0.84,0.00,0.00,0.00,0.24,1.08,0.00,0.72,7.32,0.00
340,Donovan Peoples-Jones,CLE,WR,IND,IND,1,47.5,0.83,0.00,0.00,0.00,0.00,0.00,0.00,0.75,8.28,0.00
341,Bisi Johnson,MIN,WR,SEA,SEA,7,57.0,0.81,0.00,0.00,0.00,0.02,0.12,0.00,0.65,6.82,0.02
343,T.J. Yeldon,BUF,RB,TEN,-,-,,0.81,0.00,0.00,0.00,0.80,3.20,0.01,0.46,3.65,0.01
344,Patrick Laird,MIA,RB,SF,SF,9,50.5,0.80,0.00,0.00,0.00,0.30,1.22,0.03,0.50,4.41,0.01
345,Brandon Powell,ATL,WR,CAR,ATL,-1.0,53.5,0.78,0.00,0.00,0.00,0.08,0.78,0.00,0.67,5.77,0.02
346,Demetrius Harris,CHI,TE,TB,TB,3.5,44.0,0.77,0.00,0.00,0.00,0.00,0.00,0.00,0.59,5.88,0.03
347,Richie James,SF,WR,MIA,SF,-9.0,50.5,0.77,0.00,0.00,0.00,0.00,0.00,0.00,0.55,7.67,0.00
348,Jordan Thomas,ARI,TE,NYJ,ARI,-7.5,47.0,0.76,0.00,0.00,0.00,0.00,0.00,0.00,0.55,5.77,0.03
350,Devin Asiasi,NE,TE,DEN,NE,-11.0,,0.73,0.00,0.00,0.00,0.00,0.00,0.00,0.52,5.51,0.03
353,Drew Lock,DEN,QB,NE,NE,11,,0.69,6.91,0.04,0.03,0.40,1.55,0.01,0.00,0.00,0.00
352,Javon Wims,CHI,WR,TB,TB,3.5,44.0,0.69,0.00,0.00,0.00,0.00,0.00,0.00,0.52,5.73,0.02
354,Lynn Bowden,MIA,WR,SF,SF,9,50.5,0.66,0.38,0.00,0.00,0.36,1.57,0.01,0.35,3.60,0.01
355,Jeremy Sprinkle,WAS,TE,LAR,LAR,7.5,46.5,0.65,0.00,0.00,0.00,0.00,0.00,0.00,0.44,4.73,0.03
356,Jaeden Graham,ATL,TE,CAR,ATL,-1.0,53.5,0.63,0.00,0.00,0.00,0.00,0.00,0.00,0.30,4.45,0.03
357,Ty Johnson,NYJ,RB,ARI,ARI,7.5,47.0,0.62,0.00,0.00,0.00,1.00,4.10,0.01,0.07,0.90,0.01
359,Tyrie Cleveland,DEN,WR,NE,NE,11,,0.59,0.00,0.00,0.00,0.00,0.00,0.00,0.55,5.90,0.00
360,Cam Sims,WAS,WR,LAR,LAR,7.5,46.5,0.57,0.00,0.00,0.00,0.00,0.00,0.00,0.63,5.67,0.00
361,Dede Westbrook,JAX,WR,HOU,HOU,5.5,54.5,0.53,0.00,0.00,0.00,0.04,0.19,0.00,0.33,3.92,0.02
363,Jakobi Meyers,NE,WR,DEN,NE,-11.0,,0.52,0.00,0.00,0.00,0.00,0.00,0.00,0.32,4.00,0.02
364,Virgil Green,LAC,TE,NO,NO,8,50.5,0.52,0.00,0.00,0.00,0.00,0.00,0.00,0.62,5.16,0.00
365,DeAndre Carter,HOU,WR,JAX,HOU,-5.5,54.5,0.52,0.00,0.00,0.00,0.00,0.00,0.00,0.37,4.03,0.02
366,Luke Stocker,ATL,TE,CAR,ATL,-1.0,53.5,0.51,0.00,0.00,0.00,0.00,0.00,0.00,0.53,5.14,0.00
367,Byron Pringle,KC,WR,LV,KC,-11.0,55.5,0.50,0.00,0.00,0.00,0.00,0.00,0.00,0.29,3.76,0.02
368,Eno Benjamin,ARI,RB,NYJ,ARI,-7.5,47.0,0.49,0.00,0.00,0.00,0.60,2.63,0.01,0.17,1.11,0.01
372,Gunner Olszewski,NE,WR,DEN,NE,-11.0,,0.49,0.00,0.00,0.00,0.00,0.00,0.00,0.36,3.73,0.02
371,Albert Okwuegbunam,DEN,TE,NE,NE,11,,0.49,0.00,0.00,0.00,0.00,0.00,0.00,0.36,3.73,0.02
373,Ashton Dulin,IND,WR,CLE,IND,-1.0,47.5,0.48,0.00,0.00,0.00,0.00,0.00,0.00,0.39,3.59,0.02
374,Jason Huntley,PHI,RB,PIT,PIT,7,44.0,0.48,0.00,0.00,0.00,0.50,2.32,0.01,0.13,1.83,0.00
375,Darwin Thompson,KC,RB,LV,KC,-11.0,55.5,0.47,0.00,0.00,0.00,0.60,2.86,0.01,0.09,0.65,0.01
377,J.J. Taylor,NE,RB,DEN,NE,-11.0,,0.46,0.00,0.00,0.00,0.80,3.64,0.00,0.16,0.91,0.00
378,Collin Johnson,JAX,WR,HOU,HOU,5.5,54.5,0.46,0.00,0.00,0.00,0.00,0.00,0.00,0.32,3.43,0.02
379,Joe Reed,LAC,WR,NO,NO,8,50.5,0.45,0.00,0.00,0.00,0.00,0.00,0.00,0.31,3.29,0.02
380,Adam Shaheen,MIA,TE,SF,SF,9,50.5,0.44,0.00,0.00,0.00,0.00,0.00,0.00,0.48,4.41,0.00
381,Chris Manhertz,CAR,TE,ATL,ATL,1,53.5,0.41,0.00,0.00,0.00,0.00,0.00,0.00,0.52,4.11,0.00
382,John Ross,CIN,WR,BAL,BAL,12.5,50.5,0.40,0.00,0.00,0.00,0.02,0.11,0.00,0.16,2.69,0.02
383,Levine Toilolo,NYG,TE,DAL,DAL,8.5,54.0,0.40,0.00,0.00,0.00,0.00,0.00,0.00,0.42,3.99,0.00
385,Geoff Swaim,TEN,TE,BUF,-,-,,0.38,0.00,0.00,0.00,0.00,0.00,0.00,0.42,3.76,0.00
386,Stephen Carlson,CLE,TE,IND,IND,1,47.5,0.38,0.00,0.00,0.00,0.00,0.00,0.00,0.40,3.77,0.00
387,DeeJay Dallas,SEA,RB,MIN,SEA,-7.0,57.0,0.34,0.00,0.00,0.00,0.40,1.95,0.01,0.09,0.85,0.00
388,Alex Erickson,CIN,WR,BAL,BAL,12.5,50.5,0.34,0.00,0.00,0.00,0.03,0.13,0.00,0.22,2.63,0.01
389,Justice Hill,BAL,RB,CIN,BAL,-12.5,50.5,0.31,0.00,0.00,0.00,0.20,0.93,0.01,0.09,0.92,0.01
390,Mike Boone,MIN,RB,SEA,SEA,7,57.0,0.28,0.00,0.00,0.00,0.50,2.17,0.01,0.00,0.00,0.00
391,Qadree Ollison,ATL,RB,CAR,ATL,-1.0,53.5,0.25,0.00,0.00,0.00,0.30,1.27,0.02,0.00,0.00,0.00
392,Trayveon Williams,CIN,RB,BAL,BAL,12.5,50.5,0.25,0.00,0.00,0.00,0.50,1.93,0.01,0.00,0.00,0.00
393,Bennie Fowler,NO,WR,LAC,NO,-8.0,50.5,0.25,0.00,0.00,0.00,0.00,0.00,0.00,0.18,1.91,0.01
394,Charlie Woerner,SF,TE,MIA,SF,-9.0,50.5,0.23,0.00,0.00,0.00,0.00,0.00,0.00,0.22,2.27,0.00
395,Tyler Davis,JAX,TE,HOU,HOU,5.5,54.5,0.22,0.00,0.00,0.00,0.00,0.00,0.00,0.19,2.15,0.00
396,Nick Keizer,KC,TE,LV,KC,-11.0,55.5,0.19,0.00,0.00,0.00,0.00,0.00,0.00,0.24,1.92,0.00
397,DeAndre Washington,KC,RB,LV,KC,-11.0,55.5,0.16,0.00,0.00,0.00,0.20,0.87,0.00,0.09,0.77,0.00
398,Brycen Hopkins,LAR,TE,WAS,LAR,-7.5,46.5,0.16,0.00,0.00,0.00,0.00,0.00,0.00,0.15,1.55,0.00
399,Ricky Seals-Jones,KC,TE,LV,KC,-11.0,55.5,0.15,0.00,0.00,0.00,0.00,0.00,0.00,0.08,0.94,0.01
401,Andre Roberts,BUF,WR,TEN,-,-,,0.15,0.00,0.00,0.00,0.00,0.00,0.00,0.13,1.47,0.00
402,Dante Pettis,SF,WR,MIA,SF,-9.0,50.5,0.13,0.00,0.00,0.00,0.00,0.00,0.00,0.06,0.72,0.01
403,Donald Parham,LAC,TE,NO,NO,8,50.5,0.13,0.00,0.00,0.00,0.00,0.00,0.00,0.12,1.29,0.00
404,Pharoh Cooper,CAR,WR,ATL,ATL,1,53.5,0.09,0.00,0.00,0.00,0.00,0.02,0.00,0.08,0.83,0.00
405,Mack Hollins,MIA,WR,SF,SF,9,50.5,0.07,0.00,0.00,0.00,0.00,0.00,0.00,0.05,0.68,0.00
406,Mike White,NYJ,QB,ARI,ARI,7.5,47.0,0.00,0.00,0.00,0.00,0.00,0.00,0.00,0.00,0.00,0.00
407,Chris Thompson,SF,WR,MIA,SF,-9.0,50.5,0.00,0.00,0.00,0.00,0.00,0.00,0.00,0.00,0.00,0.00
408,Jonathan Ward,ARI,RB,NYJ,ARI,-7.5,47.0,0.00,0.00,0.00,0.00,0.00,0.00,0.00,0.00,0.00,0.00
498,Isaiah Hodgins,BUF,WR,TEN,-,-,,0.00,0.00,0.00,0.00,0.00,0.00,0.00,0.00,0.00,0.00
590,Courtland Sutton,DEN,WR,NE,NE,11,,0.00,0.00,0.00,0.00,0.00,0.00,0.00,0.00,0.00,0.00
411,Mike Glennon,JAX,QB,HOU,HOU,5.5,54.5,0.00,0.00,0.00,0.00,0.00,0.00,0.00,0.00,0.00,0.00
412,Stephen Guidry,DAL,WR,NYG,DAL,-8.5,54.0,0.00,0.00,0.00,0.00,0.00,0.00,0.00,0.00,0.00,0.00
413,John Hurst,TB,WR,CHI,TB,-3.5,44.0,0.00,0.00,0.00,0.00,0.00,0.00,0.00,0.00,0.00,0.00
414,DeSean Jackson,PHI,WR,PIT,PIT,7,44.0,0.00,0.00,0.00,0.00,0.00,0.00,0.00,0.00,0.00,0.00
504,Adam Humphries,TEN,WR,BUF,-,-,,0.00,0.00,0.00,0.00,0.00,0.00,0.00,0.00,0.00,0.00
416,Jalen Hurd,SF,WR,MIA,SF,-9.0,50.5,0.00,0.00,0.00,0.00,0.00,0.00,0.00,0.00,0.00,0.00
502,Brian Hoyer,NE,QB,DEN,NE,-11.0,,0.00,0.00,0.00,0.00,0.00,0.00,0.00,0.00,0.00,0.00
418,Buddy Howell,HOU,RB,JAX,HOU,-5.5,54.5,0.00,0.00,0.00,0.00,0.00,0.00,0.00,0.00,0.00,0.00
419,J.P. Holtz,CHI,TE,TB,TB,3.5,44.0,0.00,0.00,0.00,0.00,0.00,0.00,0.00,0.00,0.00,0.00
420,Jameis Winston,NO,QB,LAC,NO,-8.0,50.5,0.00,0.00,0.00,0.00,0.00,0.00,0.00,0.00,0.00,0.00
421,Blake Jarwin,DAL,TE,NYG,DAL,-8.5,54.0,0.00,0.00,0.00,0.00,0.00,0.00,0.00,0.00,0.00,0.00
629,Jake Fromm,BUF,QB,TEN,-,-,,0.00,0.00,0.00,0.00,0.00,0.00,0.00,0.00,0.00,0.00
423,Marcus Johnson,IND,WR,CLE,IND,-1.0,47.5,0.00,0.00,0.00,0.00,0.00,0.00,0.00,0.00,0.00,0.00
424,Josh Gordon,SEA,WR,MIN,SEA,-7.0,57.0,0.00,0.00,0.00,0.00,0.00,0.00,0.00,0.00,0.00,0.00
518,Taiwan Jones,BUF,RB,TEN,-,-,,0.00,0.00,0.00,0.00,0.00,0.00,0.00,0.00,0.00,0.00
426,Kelvin Harmon,WAS,WR,LAR,LAR,7.5,46.5,0.00,0.00,0.00,0.00,0.00,0.00,0.00,0.00,0.00,0.00
427,Case Keenum,CLE,QB,IND,IND,1,47.5,0.00,0.00,0.00,0.00,0.00,0.00,0.00,0.00,0.00,0.00
428,Easton Stick,LAC,QB,NO,NO,8,50.5,0.00,0.00,0.00,0.00,0.00,0.00,0.00,0.00,0.00,0.00
522,Matt LaCosse,NE,TE,DEN,-,-,,0.00,0.00,0.00,0.00,0.00,0.00,0.00,0.00,0.00,0.00
430,Taywan Taylor,CLE,WR,IND,IND,1,47.5,0.00,0.00,0.00,0.00,0.00,0.00,0.00,0.00,0.00,0.00
524,Marqise Lee,NE,WR,DEN,-,-,,0.00,0.00,0.00,0.00,0.00,0.00,0.00,0.00,0.00,0.00
432,Malik Turner,DAL,WR,NYG,DAL,-8.5,54.0,0.00,0.00,0.00,0.00,0.00,0.00,0.00,0.00,0.00,0.00
433,T.J. Logan,TB,RB,CHI,TB,-3.5,44.0,0.00,0.00,0.00,0.00,0.00,0.00,0.00,0.00,0.00,0.00
434,Nsimba Webster,LAR,WR,WAS,LAR,-7.5,46.5,0.00,0.00,0.00,0.00,0.00,0.00,0.00,0.00,0.00,0.00
435,Jake Luton,JAX,QB,HOU,HOU,5.5,54.5,0.00,0.00,0.00,0.00,0.00,0.00,0.00,0.00,0.00,0.00
436,Maxx Williams,ARI,TE,NYJ,ARI,-7.5,47.0,0.00,0.00,0.00,0.00,0.00,0.00,0.00,0.00,0.00,0.00
437,Sean Mannion,MIN,QB,SEA,SEA,7,57.0,0.00,0.00,0.00,0.00,0.00,0.00,0.00,0.00,0.00,0.00
438,Deon Yelder,KC,TE,LV,KC,-11.0,55.5,0.00,0.00,0.00,0.00,0.00,0.00,0.00,0.00,0.00,0.00
439,Christian McCaffrey,CAR,RB,ATL,ATL,1,53.5,0.00,0.00,0.00,0.00,0.00,0.00,0.00,0.00,0.00,0.00
440,Rico Gafford,LV,WR,KC,KC,11,55.5,0.00,0.00,0.00,0.00,0.00,0.00,0.00,0.00,0.00,0.00
441,Ray-Ray McCloud,PIT,WR,PHI,PIT,-7.0,44.0,0.00,0.00,0.00,0.00,0.00,0.00,0.00,0.00,0.00,0.00
442,Dallas Goedert,PHI,TE,PIT,PIT,7,44.0,0.00,0.00,0.00,0.00,0.00,0.00,0.00,0.00,0.00,0.00
443,Colt McCoy,NYG,QB,DAL,DAL,8.5,54.0,0.00,0.00,0.00,0.00,0.00,0.00,0.00,0.00,0.00,0.00
444,Robert Griffin,BAL,QB,CIN,BAL,-12.5,50.5,0.00,0.00,0.00,0.00,0.00,0.00,0.00,0.00,0.00,0.00
445,Trace McSorley,BAL,QB,CIN,BAL,-12.5,50.5,0.00,0.00,0.00,0.00,0.00,0.00,0.00,0.00,0.00,0.00
488,KJ Hamler,DEN,WR,NE,-,-,,0.00,0.00,0.00,0.00,0.00,0.00,0.00,0.00,0.00,0.00
538,Sony Michel,NE,RB,DEN,NE,-11.0,,0.00,0.00,0.00,0.00,0.00,0.00,0.00,0.00,0.00,0.00
448,Penny Hart,SEA,WR,MIN,SEA,-7.0,57.0,0.00,0.00,0.00,0.00,0.00,0.00,0.00,0.00,0.00,0.00
449,Ty Montgomery,NO,RB,LAC,NO,-8.0,50.5,0.00,0.00,0.00,0.00,0.00,0.00,0.00,0.00,0.00,0.00
584,Lee Smith,BUF,TE,TEN,-,-,,0.00,0.00,0.00,0.00,0.00,0.00,0.00,0.00,0.00,0.00
451,James Morgan,NYJ,QB,ARI,ARI,7.5,47.0,0.00,0.00,0.00,0.00,0.00,0.00,0.00,0.00,0.00,0.00
452,Nate Sudfeld,PHI,QB,PIT,PIT,7,44.0,0.00,0.00,0.00,0.00,0.00,0.00,0.00,0.00,0.00,0.00
453,Nick Mullens,SF,QB,MIA,SF,-9.0,50.5,0.00,0.00,0.00,0.00,0.00,0.00,0.00,0.00,0.00,0.00
592,Tommy Sweeney,BUF,TE,TEN,-,-,,0.00,0.00,0.00,0.00,0.00,0.00,0.00,0.00,0.00,0.00
455,JoJo Natson,CLE,WR,IND,IND,1,47.5,0.00,0.00,0.00,0.00,0.00,0.00,0.00,0.00,0.00,0.00
456,De'Anthony Thomas,BAL,WR,CIN,BAL,-12.5,50.5,0.00,0.00,0.00,0.00,0.00,0.00,0.00,0.00,0.00,0.00
457,Josh Oliver,JAX,TE,HOU,HOU,5.5,54.5,0.00,0.00,0.00,0.00,0.00,0.00,0.00,0.00,0.00,0.00
458,Eric Tomlinson,NYG,TE,DAL,DAL,8.5,54.0,0.00,0.00,0.00,0.00,0.00,0.00,0.00,0.00,0.00,0.00
459,Devine Ozigbo,JAX,RB,HOU,HOU,5.5,54.5,0.00,0.00,0.00,0.00,0.00,0.00,0.00,0.00,0.00,0.00
460,Jason Vander Laan,NO,TE,LAC,NO,-8.0,50.5,0.00,0.00,0.00,0.00,0.00,0.00,0.00,0.00,0.00,0.00
461,Dezmon Patmon,IND,WR,CLE,IND,-1.0,47.5,0.00,0.00,0.00,0.00,0.00,0.00,0.00,0.00,0.00,0.00
462,Dwayne Washington,NO,RB,LAC,NO,-8.0,50.5,0.00,0.00,0.00,0.00,0.00,0.00,0.00,0.00,0.00,0.00
463,Rashaad Penny,SEA,RB,MIN,SEA,-7.0,57.0,0.00,0.00,0.00,0.00,0.00,0.00,0.00,0.00,0.00,0.00
464,Antoine Wesley,BAL,WR,CIN,BAL,-12.5,50.5,0.00,0.00,0.00,0.00,0.00,0.00,0.00,0.00,0.00,0.00
465,Joshua Perkins,PHI,TE,PIT,PIT,7,44.0,0.00,0.00,0.00,0.00,0.00,0.00,0.00,0.00,0.00,0.00
466,Cole Wick,NO,TE,LAC,NO,-8.0,50.5,0.00,0.00,0.00,0.00,0.00,0.00,0.00,0.00,0.00,0.00
560,Senorise Perry,TEN,RB,BUF,-,-,,0.00,0.00,0.00,0.00,0.00,0.00,0.00,0.00,0.00,0.00
468,Luke Willson,SEA,TE,MIN,SEA,-7.0,57.0,0.00,0.00,0.00,0.00,0.00,0.00,0.00,0.00,0.00,0.00
469,Nathan Peterman,LV,QB,KC,KC,11,55.5,0.00,0.00,0.00,0.00,0.00,0.00,0.00,0.00,0.00,0.00
626,Logan Woodside,TEN,QB,BUF,-,-,,0.00,0.00,0.00,0.00,0.00,0.00,0.00,0.00,0.00,0.00
471,Michael Pittman,IND,WR,CLE,IND,-1.0,47.5,0.00,0.00,0.00,0.00,0.00,0.00,0.00,0.00,0.00,0.00
472,Daniel Helm,SF,TE,MIA,SF,-9.0,50.5,0.00,0.00,0.00,0.00,0.00,0.00,0.00,0.00,0.00,0.00
566,MyCole Pruitt,TEN,TE,BUF,-,-,,0.00,0.00,0.00,0.00,0.00,0.00,0.00,0.00,0.00,0.00
474,Blaine Gabbert,TB,QB,CHI,TB,-3.5,44.0,0.00,0.00,0.00,0.00,0.00,0.00,0.00,0.00,0.00,0.00
475,Jalen Reagor,PHI,WR,PIT,PIT,7,44.0,0.00,0.00,0.00,0.00,0.00,0.00,0.00,0.00,0.00,0.00
476,Zach Gentry,PIT,TE,PHI,PIT,-7.0,44.0,0.00,0.00,0.00,0.00,0.00,0.00,0.00,0.00,0.00,0.00
477,Riley Ridley,CHI,WR,TB,TB,3.5,44.0,0.00,0.00,0.00,0.00,0.00,0.00,0.00,0.00,0.00,0.00
478,Chris Godwin,TB,WR,CHI,TB,-3.5,44.0,0.00,0.00,0.00,0.00,0.00,0.00,0.00,0.00,0.00,0.00
479,Matt Schaub,ATL,QB,CAR,ATL,-1.0,53.5,0.00,0.00,0.00,0.00,0.00,0.00,0.00,0.00,0.00,0.00
480,Marquise Goodwin,PHI,WR,PIT,PIT,7,44.0,0.00,0.00,0.00,0.00,0.00,0.00,0.00,0.00,0.00,0.00
481,Da'Mari Scott,NYG,WR,DAL,DAL,8.5,54.0,0.00,0.00,0.00,0.00,0.00,0.00,0.00,0.00,0.00,0.00
482,Will Grier,CAR,QB,ATL,ATL,1,53.5,0.00,0.00,0.00,0.00,0.00,0.00,0.00,0.00,0.00,0.00
483,Sterling Shepard,NYG,WR,DAL,DAL,8.5,54.0,0.00,0.00,0.00,0.00,0.00,0.00,0.00,0.00,0.00,0.00
484,Ryan Griffin,TB,QB,CHI,TB,-3.5,44.0,0.00,0.00,0.00,0.00,0.00,0.00,0.00,0.00,0.00,0.00
485,David Sills,NYG,WR,DAL,DAL,8.5,54.0,0.00,0.00,0.00,0.00,0.00,0.00,0.00,0.00,0.00,0.00
486,Emanuel Hall,WAS,WR,LAR,LAR,7.5,46.5,0.00,0.00,0.00,0.00,0.00,0.00,0.00,0.00,0.00,0.00
580,Matthew Slater,NE,WR,DEN,-,-,,0.00,0.00,0.00,0.00,0.00,0.00,0.00,0.00,0.00,0.00
489,Vyncint Smith,NYJ,WR,ARI,ARI,7.5,47.0,0.00,0.00,0.00,0.00,0.00,0.00,0.00,0.00,0.00,0.00
490,Deonte Harris,NO,WR,LAC,NO,-8.0,50.5,0.00,0.00,0.00,0.00,0.00,0.00,0.00,0.00,0.00,0.00
491,Geno Smith,SEA,QB,MIN,SEA,-7.0,57.0,0.00,0.00,0.00,0.00,0.00,0.00,0.00,0.00,0.00,0.00
492,Dwayne Haskins,WAS,QB,LAR,LAR,7.5,46.5,0.00,0.00,0.00,0.00,0.00,0.00,0.00,0.00,0.00,0.00
493,Chad Henne,KC,QB,LV,KC,-11.0,55.5,0.00,0.00,0.00,0.00,0.00,0.00,0.00,0.00,0.00,0.00
494,Temarrick Hemingway,WAS,TE,LAR,LAR,7.5,46.5,0.00,0.00,0.00,0.00,0.00,0.00,0.00,0.00,0.00,0.00
495,Ameer Abdullah,MIN,RB,SEA,SEA,7,57.0,0.00,0.00,0.00,0.00,0.00,0.00,0.00,0.00,0.00,0.00
496,KhaDarel Hodge,CLE,WR,IND,IND,1,47.5,0.00,0.00,0.00,0.00,0.00,0.00,0.00,0.00,0.00,0.00
499,Quincy Adeboyejo,NE,WR,DEN,-,-,,0.00,0.00,0.00,0.00,0.00,0.00,0.00,0.00,0.00,0.00
500,O.J. Howard,TB,TE,CHI,TB,-3.5,44.0,0.00,0.00,0.00,0.00,0.00,0.00,0.00,0.00,0.00,0.00
501,Salvon Ahmed,MIA,RB,SF,SF,9,50.5,0.00,0.00,0.00,0.00,0.00,0.00,0.00,0.00,0.00,0.00
503,Stephen Anderson,LAC,TE,NO,NO,8,50.5,0.00,0.00,0.00,0.00,0.00,0.00,0.00,0.00,0.00,0.00
505,Ryquell Armstead,JAX,RB,HOU,HOU,5.5,54.5,0.00,0.00,0.00,0.00,0.00,0.00,0.00,0.00,0.00,0.00
506,Brett Hundley,ARI,QB,NYJ,ARI,-7.5,47.0,0.00,0.00,0.00,0.00,0.00,0.00,0.00,0.00,0.00,0.00
507,Antony Auclair,TB,TE,CHI,TB,-3.5,44.0,0.00,0.00,0.00,0.00,0.00,0.00,0.00,0.00,0.00,0.00
508,Allen Hurns,MIA,WR,SF,SF,9,50.5,0.00,0.00,0.00,0.00,0.00,0.00,0.00,0.00,0.00,0.00
509,Tavon Austin,SF,WR,MIA,SF,-9.0,50.5,0.00,0.00,0.00,0.00,0.00,0.00,0.00,0.00,0.00,0.00
510,Jalen Hurts,PHI,QB,PIT,PIT,7,44.0,0.00,0.00,0.00,0.00,0.00,0.00,0.00,0.00,0.00,0.00
511,Saquon Barkley,NYG,RB,DAL,DAL,8.5,54.0,0.00,0.00,0.00,0.00,0.00,0.00,0.00,0.00,0.00,0.00
512,Trishton Jackson,LAR,WR,WAS,LAR,-7.5,46.5,0.00,0.00,0.00,0.00,0.00,0.00,0.00,0.00,0.00,0.00
515,Matt Barkley,BUF,QB,TEN,-,-,,0.00,0.00,0.00,0.00,0.00,0.00,0.00,0.00,0.00,0.00
514,Alshon Jeffery,PHI,WR,PIT,PIT,7,44.0,0.00,0.00,0.00,0.00,0.00,0.00,0.00,0.00,0.00,0.00
516,Xavier Jones,LAR,RB,WAS,LAR,-7.5,46.5,0.00,0.00,0.00,0.00,0.00,0.00,0.00,0.00,0.00,0.00
517,Marcus Baugh,WAS,TE,LAR,LAR,7.5,46.5,0.00,0.00,0.00,0.00,0.00,0.00,0.00,0.00,0.00,0.00
519,Omar Bayless,CAR,WR,ATL,ATL,1,53.5,0.00,0.00,0.00,0.00,0.00,0.00,0.00,0.00,0.00,0.00
520,Keith Kirkwood,CAR,WR,ATL,ATL,1,53.5,0.00,0.00,0.00,0.00,0.00,0.00,0.00,0.00,0.00,0.00
521,Evan Baylis,ARI,TE,NYJ,ARI,-7.5,47.0,0.00,0.00,0.00,0.00,0.00,0.00,0.00,0.00,0.00,0.00
523,C.J. Beathard,SF,QB,MIA,SF,-9.0,50.5,0.00,0.00,0.00,0.00,0.00,0.00,0.00,0.00,0.00,0.00
527,Andrew Beck,DEN,TE,NE,-,-,,0.00,0.00,0.00,0.00,0.00,0.00,0.00,0.00,0.00,0.00
526,Bryce Love,WAS,RB,LAR,LAR,7.5,46.5,0.00,0.00,0.00,0.00,0.00,0.00,0.00,0.00,0.00,0.00
528,Marlon Mack,IND,RB,CLE,IND,-1.0,47.5,0.00,0.00,0.00,0.00,0.00,0.00,0.00,0.00,0.00,0.00
531,LeVante Bellamy,DEN,RB,NE,-,-,,0.00,0.00,0.00,0.00,0.00,0.00,0.00,0.00,0.00,0.00
530,Marcus Mariota,LV,QB,KC,KC,11,55.5,0.00,0.00,0.00,0.00,0.00,0.00,0.00,0.00,0.00,0.00
532,AJ McCarron,HOU,QB,JAX,HOU,-5.5,54.5,0.00,0.00,0.00,0.00,0.00,0.00,0.00,0.00,0.00,0.00
533,Travis Benjamin,SF,WR,MIA,SF,-9.0,50.5,0.00,0.00,0.00,0.00,0.00,0.00,0.00,0.00,0.00,0.00
534,LeSean McCoy,TB,RB,CHI,TB,-3.5,44.0,0.00,0.00,0.00,0.00,0.00,0.00,0.00,0.00,0.00,0.00
537,Khari Blasingame,TEN,RB,BUF,-,-,,0.00,0.00,0.00,0.00,0.00,0.00,0.00,0.00,0.00,0.00
536,Sean McKeon,DAL,TE,NYG,DAL,-8.5,54.0,0.00,0.00,0.00,0.00,0.00,0.00,0.00,0.00,0.00,0.00
541,Brandon Bolden,NE,RB,DEN,-,-,,0.00,0.00,0.00,0.00,0.00,0.00,0.00,0.00,0.00,0.00
540,Denzel Mims,NYJ,WR,ARI,ARI,7.5,47.0,0.00,0.00,0.00,0.00,0.00,0.00,0.00,0.00,0.00,0.00
542,Chris Moore,BAL,WR,CIN,BAL,-12.5,50.5,0.00,0.00,0.00,0.00,0.00,0.00,0.00,0.00,0.00,0.00
545,Blake Bortles,DEN,QB,NE,-,-,,0.00,0.00,0.00,0.00,0.00,0.00,0.00,0.00,0.00,0.00
544,Thaddeus Moss,WAS,TE,LAR,LAR,7.5,46.5,0.00,0.00,0.00,0.00,0.00,0.00,0.00,0.00,0.00,0.00
546,Johnny Mundt,LAR,TE,WAS,LAR,-7.5,46.5,0.00,0.00,0.00,0.00,0.00,0.00,0.00,0.00,0.00,0.00
547,Jacob Breeland,BAL,TE,CIN,BAL,-12.5,50.5,0.00,0.00,0.00,0.00,0.00,0.00,0.00,0.00,0.00,0.00
548,Nick O'Leary,LV,TE,KC,KC,11,55.5,0.00,0.00,0.00,0.00,0.00,0.00,0.00,0.00,0.00,0.00
549,Jacoby Brissett,IND,QB,CLE,IND,-1.0,47.5,0.00,0.00,0.00,0.00,0.00,0.00,0.00,0.00,0.00,0.00
550,K.J. Osborn,MIN,WR,SEA,SEA,7,57.0,0.00,0.00,0.00,0.00,0.00,0.00,0.00,0.00,0.00,0.00
551,Pharaoh Brown,HOU,TE,JAX,HOU,-5.5,54.5,0.00,0.00,0.00,0.00,0.00,0.00,0.00,0.00,0.00,0.00
552,Colby Parkinson,SEA,TE,MIN,SEA,-7.0,57.0,0.00,0.00,0.00,0.00,0.00,0.00,0.00,0.00,0.00,0.00
553,Daniel Brown,NYJ,TE,ARI,ARI,7.5,47.0,0.00,0.00,0.00,0.00,0.00,0.00,0.00,0.00,0.00,0.00
554,Josh Pearson,TB,WR,CHI,TB,-3.5,44.0,0.00,0.00,0.00,0.00,0.00,0.00,0.00,0.00,0.00,0.00
555,Ventell Bryant,DAL,WR,NYG,DAL,-8.5,54.0,0.00,0.00,0.00,0.00,0.00,0.00,0.00,0.00,0.00,0.00
556,Samaje Perine,CIN,RB,BAL,BAL,12.5,50.5,0.00,0.00,0.00,0.00,0.00,0.00,0.00,0.00,0.00,0.00
557,Hakeem Butler,PHI,TE,PIT,PIT,7,44.0,0.00,0.00,0.00,0.00,0.00,0.00,0.00,0.00,0.00,0.00
558,Malcolm Perry,MIA,WR,SF,SF,9,50.5,0.00,0.00,0.00,0.00,0.00,0.00,0.00,0.00,0.00,0.00
559,Raymond Calais,LAR,RB,WAS,LAR,-7.5,46.5,0.00,0.00,0.00,0.00,0.00,0.00,0.00,0.00,0.00,0.00
561,Marquez Callaway,NO,WR,LAC,NO,-8.0,50.5,0.00,0.00,0.00,0.00,0.00,0.00,0.00,0.00,0.00,0.00
562,Scottie Phillips,HOU,RB,JAX,HOU,-5.5,54.5,0.00,0.00,0.00,0.00,0.60,0.00,0.00,0.00,0.00,0.00
563,Parris Campbell,IND,WR,CLE,IND,-1.0,47.5,0.00,0.00,0.00,0.00,0.00,0.00,0.00,0.00,0.00,0.00
564,James Proche,BAL,WR,CIN,BAL,-12.5,50.5,0.00,0.00,0.00,0.00,0.00,0.00,0.00,0.00,0.00,0.00
565,Derek Carrier,LV,TE,KC,KC,11,55.5,0.00,0.00,0.00,0.00,0.00,0.00,0.00,0.00,0.00,0.00
567,Dan Chisena,MIN,WR,SEA,SEA,7,57.0,0.00,0.00,0.00,0.00,0.00,0.00,0.00,0.00,0.00,0.00
568,Jordan Reed,SF,TE,MIA,SF,-9.0,50.5,0.00,0.00,0.00,0.00,0.00,0.00,0.00,0.00,0.00,0.00
569,Nick Chubb,CLE,RB,IND,IND,1,47.5,0.00,0.00,0.00,0.00,0.00,0.00,0.00,0.00,0.00,0.00
570,Mason Rudolph,PIT,QB,PHI,PIT,-7.0,44.0,0.00,0.00,0.00,0.00,0.00,0.00,0.00,0.00,0.00,0.00
571,Darion Clark,CHI,TE,TB,TB,3.5,44.0,0.00,0.00,0.00,0.00,0.00,0.00,0.00,0.00,0.00,0.00
572,Mason Schreck,CIN,TE,BAL,BAL,12.5,50.5,0.00,0.00,0.00,0.00,0.00,0.00,0.00,0.00,0.00,0.00
573,Tarik Cohen,CHI,RB,TB,TB,3.5,44.0,0.00,0.00,0.00,0.00,0.00,0.00,0.00,0.00,0.00,0.00
574,Tajae Sharpe,MIN,WR,SEA,SEA,7,57.0,0.00,0.00,0.00,0.00,0.00,0.00,0.00,0.00,0.00,0.00
575,Tevin Coleman,SF,RB,MIA,SF,-9.0,50.5,0.00,0.00,0.00,0.00,0.00,0.00,0.00,0.00,0.00,0.00
576,Trent Sherfield,ARI,WR,NYJ,ARI,-7.5,47.0,0.00,0.00,0.00,0.00,0.00,0.00,0.00,0.00,0.00,0.00
577,Tyler Conklin,MIN,TE,SEA,SEA,7,57.0,0.00,0.00,0.00,0.00,0.00,0.00,0.00,0.00,0.00,0.00
578,Steven Sims,WAS,WR,LAR,LAR,7.5,46.5,0.00,0.00,0.00,0.00,0.00,0.00,0.00,0.00,0.00,0.00
579,Cody Core,NYG,WR,DAL,DAL,8.5,54.0,0.00,0.00,0.00,0.00,0.00,0.00,0.00,0.00,0.00,0.00
581,Isaiah Coulter,HOU,WR,JAX,HOU,-5.5,54.5,0.00,0.00,0.00,0.00,0.00,0.00,0.00,0.00,0.00,0.00
582,Alex Smith,WAS,QB,LAR,LAR,7.5,46.5,0.00,0.00,0.00,0.00,0.00,0.00,0.00,0.00,0.00,0.00
583,Keke Coutee,HOU,WR,JAX,HOU,-5.5,54.5,0.00,0.00,0.00,0.00,0.00,0.00,0.00,0.00,0.00,0.00
585,Jason Croom,PHI,TE,PIT,PIT,7,44.0,0.00,0.00,0.00,0.00,0.00,0.00,0.00,0.00,0.00,0.00
586,Durham Smythe,MIA,TE,SF,SF,9,50.5,0.00,0.00,0.00,0.00,0.00,0.00,0.00,0.00,0.00,0.00
587,Andy Dalton,DAL,QB,NYG,DAL,-8.5,54.0,0.00,0.00,0.00,0.00,0.00,0.00,0.00,0.00,0.00,0.00
588,Chris Streveler,ARI,QB,NYJ,ARI,-7.5,47.0,0.00,0.00,0.00,0.00,0.00,0.00,0.00,0.00,0.00,0.00
589,Sam Darnold,NYJ,QB,ARI,ARI,7.5,47.0,0.00,0.00,0.00,0.00,0.00,0.00,0.00,0.00,0.00,0.00
593,Corey Davis,TEN,WR,BUF,-,-,,0.00,0.00,0.00,0.00,0.00,0.00,0.00,0.00,0.00,0.00
594,Tua Tagovailoa,MIA,QB,SF,SF,9,50.5,0.00,0.00,0.00,0.00,0.00,0.00,0.00,0.00,0.00,0.00
595,Ben DiNucci,DAL,QB,NYG,DAL,-8.5,54.0,0.00,0.00,0.00,0.00,0.00,0.00,0.00,0.00,0.00,0.00
596,Tyrod Taylor,LAC,QB,NO,NO,8,50.5,0.00,0.00,0.00,0.00,0.00,0.00,0.00,0.00,0.00,0.00
597,Joshua Dobbs,PIT,QB,PHI,PIT,-7.0,44.0,0.00,0.00,0.00,0.00,0.00,0.00,0.00,0.00,0.00,0.00
598,Colin Thompson,CAR,TE,ATL,ATL,1,53.5,0.00,0.00,0.00,0.00,0.00,0.00,0.00,0.00,0.00,0.00
599,Josh Doctson,NYJ,WR,ARI,ARI,7.5,47.0,0.00,0.00,0.00,0.00,0.00,0.00,0.00,0.00,0.00,0.00
600,Noah Togiai,IND,TE,CLE,IND,-1.0,47.5,0.00,0.00,0.00,0.00,0.00,0.00,0.00,0.00,0.00,0.00
601,Phillip Dorsett,SEA,WR,MIN,SEA,-7.0,57.0,0.00,0.00,0.00,0.00,0.00,0.00,0.00,0.00,0.00,0.00
602,Mitchell Trubisky,CHI,QB,TB,TB,3.5,44.0,0.00,0.00,0.00,0.00,0.00,0.00,0.00,0.00,0.00,0.00
603,Rico Dowdle,DAL,RB,NYG,DAL,-8.5,54.0,0.00,0.00,0.00,0.00,0.00,0.00,0.00,0.00,0.00,0.00
604,C.J. Uzomah,CIN,TE,BAL,BAL,12.5,50.5,0.00,0.00,0.00,0.00,0.00,0.00,0.00,0.00,0.00,0.00
607,Jeff Driskel,DEN,QB,NE,-,-,,0.00,0.00,0.00,0.00,0.00,0.00,0.00,0.00,0.00,0.00
606,P.J. Walker,CAR,QB,ATL,ATL,1,53.5,0.00,0.00,0.00,0.00,0.00,0.00,0.00,0.00,0.00,0.00
608,Kahale Warring,HOU,TE,JAX,HOU,-5.5,54.5,0.00,0.00,0.00,0.00,0.00,0.00,0.00,0.00,0.00,0.00
609,Jacob Eason,IND,QB,CLE,IND,-1.0,47.5,0.00,0.00,0.00,0.00,0.00,0.00,0.00,0.00,0.00,0.00
610,Justin Watson,TB,WR,CHI,TB,-3.5,44.0,0.00,0.00,0.00,0.00,0.00,0.00,0.00,0.00,0.00,0.00
611,Trey Edmunds,PIT,RB,PHI,PIT,-7.0,44.0,0.00,0.00,0.00,0.00,0.00,0.00,0.00,0.00,0.00,0.00
612,Trevon Wesco,NYJ,TE,ARI,ARI,7.5,47.0,0.00,0.00,0.00,0.00,0.00,0.00,0.00,0.00,0.00,0.00
613,Bryan Edwards,LV,WR,KC,KC,11,55.5,0.00,0.00,0.00,0.00,0.00,0.00,0.00,0.00,0.00,0.00
614,DeAndrew White,BAL,WR,CIN,BAL,-12.5,50.5,0.00,0.00,0.00,0.00,0.00,0.00,0.00,0.00,0.00,0.00
615,Austin Ekeler,LAC,RB,NO,NO,8,50.5,0.00,0.00,0.00,0.00,0.00,0.00,0.00,0.00,0.00,0.00
616,Kevin White,SF,WR,MIA,SF,-9.0,50.5,0.00,0.00,0.00,0.00,0.00,0.00,0.00,0.00,0.00,0.00
619,Noah Fant,DEN,TE,NE,-,-,,0.00,0.00,0.00,0.00,0.00,0.00,0.00,0.00,0.00,0.00
618,Tyrell Williams,LV,WR,KC,KC,11,55.5,0.00,0.00,0.00,0.00,0.00,0.00,0.00,0.00,0.00,0.00
620,Damien Williams,KC,RB,LV,KC,-11.0,55.5,0.00,0.00,0.00,0.00,0.00,0.00,0.00,0.00,0.00,0.00
621,Ryan Finley,CIN,QB,BAL,BAL,12.5,50.5,0.00,0.00,0.00,0.00,0.00,0.00,0.00,0.00,0.00,0.00
622,Albert Wilson,MIA,WR,SF,SF,9,50.5,0.00,0.00,0.00,0.00,0.00,0.00,0.00,0.00,0.00,0.00
625,Austin Fort,DEN,TE,NE,-,-,,0.00,0.00,0.00,0.00,0.00,0.00,0.00,0.00,0.00,0.00
624,John Wolford,LAR,QB,WAS,LAR,-7.5,46.5,0.00,0.00,0.00,0.00,0.00,0.00,0.00,0.00,0.00,0.00
627,John Franklin,TB,WR,CHI,TB,-3.5,44.0,0.00,0.00,0.00,0.00,0.00,0.00,0.00,0.00,0.00,0.00
628,Brandon Zylstra,CAR,WR,ATL,ATL,1,53.5,0.00,0.00,0.00,0.00,0.00,0.00,0.00,0.00,0.00,0.00